1056,62,790,60,880,90,2500,150,3250,200,3700,200,4990,500,270,100,270,100,0,30,16,10,0,0,54,60,52,90,33,150,26,500,-16,600,-16,800,0,-16,62,62
1057,62,790,60,880,90,2500,150,3250,200,3700,200,4990,500,270,100,270,100,0,30,16,10,0,0,58,60,57,90,37,150,30,500,-16,600,-16,800,0,-16,62,62
1059,62,790,60,880,90,2500,150,3250,200,3700,200,4990,500,270,100,270,100,0,30,16,10,0,0,62,60,60,90,41,150,34,500,-16,600,-16,800,0,-16,62,62
1061,62,754,60,1006,90,2500,150,3250,200,3700,200,4990,500,270,100,270,100,0,30,16,10,0,0,64,60,62,90,43,150,36,500,-16,600,-16,800,0,-16,62,62
1064,62,718,60,1132,90,2500,150,3250,200,3700,200,4990,500,270,100,270,100,0,30,16,10,0,0,64,60,61,90,44,150,37,500,-16,600,-16,800,0,-16,62,62
1066,62,682,60,1258,90,2500,150,3250,200,3700,200,4990,500,270,100,270,100,0,30,16,10,0,0,64,60,60,90,44,150,37,500,-16,600,-16,800,0,-16,62,62
1069,62,646,60,1384,90,2500,150,3250,200,3700,200,4990,500,270,100,270,100,0,30,16,10,0,0,64,60,58,90,44,150,38,500,-16,600,-16,800,0,-16,62,62
1071,62,610,60,1510,90,2500,150,3250,200,3700,200,4990,500,270,100,270,100,0,30,16,10,0,0,63,60,56,90,45,150,39,500,-16,600,-16,800,0,-16,62,62
1074,62,544,60,1689,90,2518,150,3250,200,3700,200,4990,500,270,100,270,100,0,30,16,10,0,0,64,60,54,90,46,150,40,500,-16,600,-16,800,0,-16,62,62
1077,62,490,60,1835,90,2534,150,3250,200,3700,200,4990,500,270,100,270,100,0,30,16,10,0,0,64,60,53,90,47,150,41,500,-16,600,-16,800,0,-16,62,62
1080,62,448,60,1949,90,2546,150,3250,200,3700,200,4990,500,270,100,270,100,0,30,16,10,0,0,64,60,52,90,48,150,42,500,-16,600,-16,800,0,-16,62,62
1078,62,396,60,1932,90,2512,150,3250,200,3700,200,4990,500,270,100,270,100,0,30,16,10,0,0,64,60,50,90,47,150,41,500,-16,600,-16,800,0,-16,62,62
1077,62,346,60,1833,90,2452,150,3250,200,3700,200,4990,500,270,100,270,100,0,30,16,10,0,0,63,60,49,90,46,150,38,500,-16,600,-16,800,0,-16,62,62
1076,62,303,60,1636,90,2367,150,3250,200,3700,200,4990,500,270,100,270,100,0,30,16,10,0,0,61,60,47,90,44,150,34,500,-16,600,-16,800,0,-16,62,62
1075,62,250,60,1390,90,2260,150,3250,200,3700,200,4990,500,270,100,270,100,0,30,62,10,0,0,60,60,46,90,42,150,28,500,-16,600,-16,800,0,-16,62,62
1074,62,235,60,1232,90,2200,150,3250,200,3700,200,4990,500,270,100,270,100,0,30,62,10,0,0,59,60,45,90,40,150,17,500,-16,600,-16,800,0,-16,62,62
1073,62,220,60,1075,90,2140,150,3250,200,3700,200,4990,500,270,100,270,100,0,30,62,10,0,0,59,60,44,90,38,150,7,500,-16,600,-16,800,0,-16,62,62
1073,62,205,60,917,90,2080,150,3250,200,3700,200,4990,500,270,100,270,100,0,30,62,10,0,0,58,60,43,90,36,150,-4,500,-16,600,-16,800,0,-16,62,62
1072,62,190,60,760,90,2020,150,3250,200,3700,200,4990,500,270,100,270,100,0,30,62,10,0,0,57,60,42,90,35,150,-16,500,-16,600,-16,800,0,-16,62,62
1072,62,205,60,917,90,2080,150,3250,200,3700,200,4990,500,270,100,270,100,0,30,62,10,0,0,58,60,43,90,36,150,-4,500,-16,600,-16,800,0,-16,62,62
1072,62,220,60,1075,90,2140,150,3250,200,3700,200,4990,500,270,100,270,100,0,30,62,10,0,0,59,60,44,90,38,150,7,500,-16,600,-16,800,0,-16,62,62
1072,62,235,60,1232,90,2200,150,3250,200,3700,200,4990,500,270,100,270,100,0,30,62,10,0,0,59,60,45,90,40,150,17,500,-16,600,-16,800,0,-16,62,62
1072,62,250,60,1390,90,2260,150,3250,200,3700,200,4990,500,270,100,270,100,0,30,16,10,0,0,60,60,46,90,42,150,28,500,-16,600,-16,800,0,-16,62,62
1072,62,303,60,1636,90,2367,150,3250,200,3700,200,4990,500,270,100,270,100,0,30,16,10,0,0,61,60,47,90,43,150,32,500,-16,600,-16,800,0,-16,62,62
1073,62,347,60,1817,90,2450,150,3250,200,3700,200,4990,500,270,100,270,100,0,30,16,10,0,0,62,60,48,90,45,150,36,500,-16,600,-16,800,0,-16,62,62
1073,62,382,60,1934,90,2508,150,3250,200,3700,200,4990,500,270,100,270,100,0,30,16,10,0,0,63,60,49,90,47,150,40,500,-16,600,-16,800,0,-16,62,62
1074,62,408,60,1985,90,2542,150,3250,200,3700,200,4990,500,270,100,270,100,0,30,16,10,0,0,64,60,50,90,49,150,43,500,-16,600,-16,800,0,-16,62,62
1075,62,414,60,1922,90,2531,150,3250,200,3700,200,4990,500,270,100,270,100,0,30,16,10,0,0,64,60,50,90,49,150,43,500,-16,600,-16,800,0,-16,62,62
1076,62,421,60,1844,90,2517,150,3250,200,3700,200,4990,500,270,100,270,100,0,30,16,10,0,0,64,60,50,90,49,150,43,500,-16,600,-16,800,0,-16,62,62
1075,62,460,60,1480,90,2500,150,3250,200,3700,200,4990,500,270,100,270,100,0,30,62,10,0,0,50,60,40,90,40,150,35,500,-16,600,-16,800,0,-16,62,62
1073,62,460,60,1480,90,2500,150,3250,200,3700,200,4990,500,270,100,270,100,0,30,62,10,0,0,50,60,40,90,40,150,35,500,-16,600,-16,800,0,-16,62,62
1072,62,460,60,1480,90,2500,150,3250,200,3700,200,4990,500,270,100,270,100,0,30,62,10,0,0,50,60,40,90,40,150,35,500,-16,600,-16,800,0,-16,62,62
1071,62,460,60,1480,90,2500,150,3250,200,3700,200,4990,500,270,100,270,100,0,30,62,10,0,0,50,60,40,90,40,150,35,500,-16,600,-16,800,0,-16,62,62
1070,62,460,60,1480,90,2500,150,3250,200,3700,200,4990,500,270,100,270,100,0,30,62,10,0,0,50,60,40,90,40,150,35,500,-16,600,-16,800,0,-16,62,62
1068,62,460,60,1480,90,2500,150,3250,200,3700,200,4990,500,270,100,270,100,0,30,62,10,0,0,50,60,40,90,40,150,35,500,-16,600,-16,800,0,-16,62,62
1067,62,460,60,1480,90,2500,150,3250,200,3700,200,4990,500,270,100,270,100,0,30,62,10,0,0,47,60,36,90,36,150,31,500,-16,600,-16,800,0,-16,62,62
1066,62,460,60,1480,90,2500,150,3250,200,3700,200,4990,500,270,100,270,100,0,30,62,10,0,0,43,60,33,90,33,150,28,500,-16,600,-16,800,0,-16,62,62
1065,0,460,60,1480,90,2500,150,3250,200,3700,200,4990,500,270,100,270,100,0,30,0,10,0,0,-16,60,-16,90,-16,150,-16,500,-16,600,-16,800,0,-16,0,62
1064,0,470,60,1480,90,2500,150,3250,200,3700,200,4990,500,270,100,270,100,0,30,0,10,0,0,-16,60,-16,90,-16,150,-16,500,-16,600,-16,800,0,-16,0,62
1063,0,480,60,1480,90,2500,150,3250,200,3700,200,4990,500,270,100,270,100,0,30,0,10,0,0,-16,60,-16,90,-16,150,-16,500,-16,600,-16,800,0,-16,0,62
1062,0,490,60,1480,90,2500,150,3250,200,3700,200,4990,500,270,100,270,100,0,30,0,10,0,0,-16,60,-16,90,-16,150,-16,500,-16,600,-16,800,0,-16,0,62
1061,0,390,60,1480,90,2540,150,3250,200,3700,200,4990,500,270,100,270,100,0,30,0,10,0,0,-16,60,-16,90,-16,150,-16,500,-16,600,-16,800,0,-16,0,62
1060,0,290,60,1480,90,2580,150,3250,200,3700,200,4990,500,270,100,270,100,0,30,0,10,0,0,-16,60,-16,90,-16,150,-16,500,-16,600,-16,800,0,-16,0,62
1059,0,190,60,1480,90,2620,150,3250,200,3700,200,4990,500,270,100,270,100,60,30,0,10,60,0,-26,60,-26,90,-26,150,-26,500,-16,600,-16,800,0,-16,0,62
1059,0,190,60,1480,90,2620,150,3250,200,3700,200,4990,500,270,100,270,100,60,30,0,10,60,0,-23,60,-23,90,-23,150,-23,500,-16,600,-16,800,0,-16,0,62
1058,0,190,60,1480,90,2620,150,3250,200,3700,200,4990,500,270,100,270,100,60,30,0,10,60,0,-19,60,-19,90,-19,150,-19,500,-16,600,-16,800,0,-16,0,62
1058,0,190,60,1480,90,2620,150,3250,200,3700,200,4990,500,270,100,270,100,60,30,0,10,60,0,-16,60,-16,90,-16,150,-16,500,-16,600,-16,800,0,-16,0,62
1057,0,190,60,1480,90,2620,150,3250,200,3700,200,4990,500,270,100,270,100,60,30,0,10,60,0,-16,60,-16,90,-16,150,-16,500,-16,600,-16,800,0,-16,0,62
1057,0,190,60,1480,90,2620,150,3250,200,3700,200,4990,500,270,100,270,100,60,30,0,10,60,0,-16,60,-16,90,-16,150,-16,500,-16,600,-16,800,0,-16,0,62
1056,0,190,60,1480,90,2620,150,3250,200,3700,200,4990,500,270,100,270,100,60,30,0,10,60,0,-16,60,-16,90,-16,150,-16,500,-16,600,-16,800,0,-16,0,62
1056,0,190,60,1480,90,2620,150,3250,200,3700,200,4990,500,270,100,270,100,60,30,0,10,60,0,-16,60,-16,90,-16,150,-16,500,-16,600,-16,800,0,-16,0,62
1055,0,190,60,1480,90,2620,150,3250,200,3700,200,4990,500,270,100,270,100,60,30,0,10,60,0,-16,60,64,90,64,150,43,500,-16,600,-16,800,0,-16,0,62
1055,0,190,60,1480,90,2620,150,3250,200,3700,200,4990,500,270,100,270,100,60,30,0,10,60,0,-16,60,54,90,54,150,33,500,-16,600,-16,800,0,-16,0,62
1055,0,190,60,1480,90,2620,150,3250,200,3700,200,4990,500,270,100,270,100,60,30,0,10,60,0,-16,60,54,90,54,150,33,500,-16,600,-16,800,0,-16,0,62
1055,0,195,60,1630,90,2610,150,3250,200,3700,200,4990,500,270,100,270,100,60,30,0,10,60,0,-16,60,54,90,54,150,33,500,-16,600,-16,800,0,-16,0,62
1055,0,200,60,1780,90,2600,150,3250,200,3700,200,4990,500,270,100,270,100,60,30,0,10,60,0,-16,60,54,90,54,150,33,500,-16,600,-16,800,0,-16,0,62
1055,62,205,60,1930,90,2590,150,3250,200,3700,200,4990,500,270,100,270,100,0,30,62,10,0,0,57,60,42,90,35,150,-16,500,-16,600,-16,800,0,-16,62,62
1055,62,200,60,1540,90,2400,150,3250,200,3700,200,4990,500,270,100,270,100,0,30,62,10,0,0,57,60,42,90,35,150,-16,500,-16,600,-16,800,0,-16,62,62
1055,62,195,60,1150,90,2210,150,3250,200,3700,200,4990,500,270,100,270,100,0,30,62,10,0,0,57,60,42,90,35,150,-16,500,-16,600,-16,800,0,-16,62,62
1055,62,190,60,760,90,2020,150,3250,200,3700,200,4990,500,270,100,270,100,0,30,62,10,0,0,57,60,42,90,35,150,-16,500,-16,600,-16,800,0,-16,62,62
1055,62,190,60,760,90,2020,150,3250,200,3700,200,4990,500,270,100,270,100,0,30,62,10,0,0,57,60,42,90,35,150,-16,500,-16,600,-16,800,0,-16,62,62
1055,62,216,60,842,90,2072,150,3250,200,3700,200,4990,500,270,100,270,100,0,30,62,10,0,0,58,60,44,90,36,150,-5,500,-16,600,-16,800,0,-16,62,62
1056,62,242,60,925,90,2125,150,3250,200,3700,200,4990,500,270,100,270,100,0,30,62,10,0,0,59,60,47,90,38,150,6,500,-16,600,-16,800,0,-16,62,62
1056,62,268,60,1007,90,2177,150,3250,200,3700,200,4990,500,270,100,270,100,0,30,62,10,0,0,59,60,50,90,39,150,16,500,-16,600,-16,800,0,-16,62,62
1056,62,295,60,1090,90,2230,150,3250,200,3700,200,4990,500,270,100,270,100,0,30,16,10,0,0,60,60,53,90,41,150,27,500,-16,600,-16,800,0,-16,62,62
1057,62,364,60,1229,90,2326,150,3250,200,3700,200,4990,500,270,100,270,100,0,30,16,10,0,0,61,60,57,90,43,150,31,500,-16,600,-16,800,0,-16,62,62
1057,62,420,60,1340,90,2403,150,3250,200,3700,200,4990,500,270,100,270,100,0,30,16,10,0,0,63,60,60,90,45,150,35,500,-16,600,-16,800,0,-16,62,62
1058,62,455,60,1401,90,2458,150,3250,200,3700,200,4990,500,270,100,270,100,0,30,16,10,0,0,64,60,62,90,46,150,38,500,-16,600,-16,800,0,-16,62,62
1058,62,472,60,1418,90,2493,150,3250,200,3700,200,4990,500,270,100,270,100,0,30,16,10,0,0,64,60,63,90,46,150,40,500,-16,600,-16,800,0,-16,62,62
1059,62,457,60,1364,90,2487,150,3250,200,3700,200,4990,500,270,100,270,100,0,30,16,10,0,0,64,60,62,90,46,150,39,500,-16,600,-16,800,0,-16,62,62
1060,62,438,60,1294,90,2479,150,3250,200,3700,200,4990,500,270,100,270,100,0,30,16,10,0,0,64,60,61,90,46,150,39,500,-16,600,-16,800,0,-16,62,62
1061,62,415,60,1210,90,2470,150,3250,200,3700,200,4990,500,270,100,270,100,0,30,16,10,0,0,63,60,59,90,45,150,39,500,-16,600,-16,800,0,-16,62,62
1062,62,406,60,1168,90,2476,150,3250,200,3700,200,4990,500,270,100,270,100,0,30,16,10,0,0,64,60,58,90,44,150,38,500,-16,600,-16,800,0,-16,62,62
1062,62,397,60,1126,90,2482,150,3250,200,3700,200,4990,500,270,100,270,100,0,30,16,10,0,0,64,60,58,90,44,150,38,500,-16,600,-16,800,0,-16,62,62
1063,62,388,60,1084,90,2488,150,3250,200,3700,200,4990,500,270,100,270,100,0,30,16,10,0,0,64,60,57,90,43,150,37,500,-16,600,-16,800,0,-16,62,62
1064,62,379,60,1042,90,2494,150,3250,200,3700,200,4990,500,270,100,270,100,0,30,16,10,0,0,64,60,56,90,42,150,37,500,-16,600,-16,800,0,-16,62,62
1065,62,370,60,1000,90,2500,150,3250,200,3700,200,4990,500,270,100,270,100,0,30,16,10,0,0,64,60,56,90,42,150,36,500,-16,600,-16,800,0,-16,62,62
1066,62,332,60,1225,90,2500,150,3250,200,3700,200,4990,500,270,100,270,100,0,30,16,10,0,0,64,60,56,90,42,150,36,500,-16,600,-16,800,0,-16,62,62
1065,0,295,60,1450,90,2680,150,3250,200,3700,200,4990,500,270,100,270,100,60,30,0,10,60,0,-16,60,-16,90,-16,150,-16,500,-16,600,-16,800,0,-16,0,62
1063,0,242,60,1615,90,2680,150,3250,200,3700,200,4990,500,270,100,270,100,60,30,0,10,60,0,-16,60,-16,90,-16,150,-16,500,-16,600,-16,800,0,-16,0,62
1062,0,190,60,1780,90,2680,150,3250,200,3700,200,4990,500,270,100,270,100,60,30,0,10,60,0,-16,60,-16,90,-16,150,-16,500,-16,600,-16,800,0,-16,0,62
1061,0,190,60,1780,90,2680,150,3250,200,3700,200,4990,500,270,100,270,100,60,30,0,10,60,0,-16,60,-16,90,-16,150,-16,500,-16,600,-16,800,0,-16,0,62
1060,0,190,60,1780,90,2680,150,3250,200,3700,200,4990,500,270,100,270,100,60,30,0,10,60,0,-16,60,-16,90,-16,150,-16,500,-16,600,-16,800,0,-16,0,62
1059,0,190,60,1780,90,2680,150,3250,200,3700,200,4990,500,270,100,270,100,60,30,0,10,60,0,-16,60,-16,90,-16,150,-16,500,-16,600,-16,800,0,-16,0,62
1058,0,190,60,1780,90,2680,150,3250,200,3700,200,4990,500,270,100,270,100,60,30,0,10,60,0,-16,60,-16,90,52,150,64,500,-16,600,-16,800,0,-16,0,62
1057,0,190,60,1780,90,2680,150,3250,200,3700,200,4990,500,270,100,270,100,60,30,0,10,60,0,-16,60,-16,90,42,150,54,500,-16,600,-16,800,0,-16,0,62
1057,0,190,60,1780,90,2680,150,3250,200,3700,200,4990,500,270,100,270,100,60,30,0,10,60,0,-19,60,-19,90,38,150,50,500,-16,600,-16,800,0,-16,0,62
1056,0,190,60,1780,90,2680,150,3250,200,3700,200,4990,500,270,100,270,100,0,30,0,10,0,0,-16,60,-16,90,-16,150,-16,500,-16,600,-16,800,0,-16,0,62
1056,0,290,60,1680,90,2620,150,3250,200,3700,200,4990,500,270,100,270,100,0,30,0,10,0,0,-16,60,-16,90,-16,150,-16,500,-16,600,-16,800,0,-16,0,62
1056,0,390,60,1580,90,2560,150,3250,200,3700,200,4990,500,270,100,270,100,0,30,0,10,0,0,-16,60,-16,90,-16,150,-16,500,-16,600,-16,800,0,-16,0,62
1055,0,490,60,1480,90,2500,150,3250,200,3700,200,4990,500,270,100,270,100,0,30,0,10,0,0,-16,60,-16,90,-16,150,-16,500,-16,600,-16,800,0,-16,0,62
1055,0,590,83,1580,90,2500,150,3250,200,3700,200,4990,500,270,100,270,100,0,30,0,10,0,0,-16,83,-16,90,-16,150,-16,500,-16,600,-16,800,0,-16,0,62
1055,0,690,106,1680,90,2500,150,3250,200,3700,200,4990,500,270,100,270,100,0,30,0,10,0,0,-16,106,-16,90,-16,150,-16,500,-16,600,-16,800,0,-16,0,62
1055,62,790,130,1780,90,2500,150,3250,200,3700,200,4990,500,270,100,270,100,0,30,16,10,0,0,54,130,50,90,42,150,35,500,-16,600,-16,800,0,-16,62,62
1056,62,790,130,1780,90,2500,150,3250,200,3700,200,4990,500,270,100,270,100,0,30,16,10,0,0,57,130,54,90,45,150,38,500,-16,600,-16,800,0,-16,62,62
1056,62,790,130,1780,90,2500,150,3250,200,3700,200,4990,500,270,100,270,100,0,30,16,10,0,0,61,130,57,90,49,150,42,500,-16,600,-16,800,0,-16,62,62
1056,62,790,130,1780,90,2500,150,3250,200,3700,200,4990,500,270,100,270,100,0,30,16,10,0,0,64,130,61,90,52,150,45,500,-16,600,-16,800,0,-16,62,62
1057,62,790,130,1780,90,2500,150,3250,200,3700,200,4990,500,270,100,270,100,0,30,16,10,0,0,64,130,61,90,52,150,45,500,-16,600,-16,800,0,-16,62,62
1057,62,686,115,1800,125,2560,168,3250,200,3700,200,4990,500,330,100,270,100,0,30,16,10,0,0,61,115,57,125,49,168,42,500,-16,600,-16,800,0,-16,62,62
1058,62,583,100,1820,160,2620,186,3250,200,3700,200,4990,500,390,100,270,100,0,30,27,10,0,0,58,100,54,160,45,186,38,500,-16,600,-16,800,0,-16,62,62
1059,62,480,40,1840,195,2620,260,3250,200,3700,200,4990,500,450,100,270,100,0,30,62,10,0,0,49,40,49,195,49,260,34,500,-16,600,-16,800,0,-16,62,62
1060,62,480,40,1820,230,2620,260,3250,200,3700,200,4990,500,450,100,270,100,0,30,62,10,0,0,49,40,49,230,49,260,34,500,-16,600,-16,800,0,-16,62,62
1061,62,480,40,1800,265,2620,260,3250,200,3700,200,4990,500,450,100,270,100,0,30,62,10,0,0,49,40,49,265,49,260,34,500,-16,600,-16,800,0,-16,62,62
1060,62,480,40,1780,300,2620,260,3250,200,3700,200,4990,500,450,100,270,100,0,30,62,10,0,0,49,40,49,300,49,260,34,500,-16,600,-16,800,0,-16,62,62
1058,62,480,40,1780,300,2620,260,3250,200,3700,200,4990,500,450,100,270,100,0,30,62,10,0,0,49,40,49,300,49,260,34,500,-16,600,-16,800,0,-16,62,62
1058,62,480,40,1780,300,2620,260,3250,200,3700,200,4990,500,450,100,270,100,0,30,62,10,0,0,49,40,49,300,49,260,34,500,-16,600,-16,800,0,-16,62,62
1057,62,480,40,1840,265,2620,260,3250,200,3700,200,4990,500,450,100,270,100,0,30,62,10,0,0,49,40,49,265,49,260,34,500,-16,600,-16,800,0,-16,62,62
1056,62,480,40,1900,230,2620,260,3250,200,3700,200,4990,500,450,100,270,100,0,30,62,10,0,0,49,40,49,230,49,260,34,500,-16,600,-16,800,0,-16,62,62
1056,62,480,50,1960,195,2680,205,3250,200,3700,200,4990,500,450,100,270,100,0,30,39,10,0,0,54,50,46,195,42,205,35,500,-16,600,-16,800,0,-16,62,62
1056,62,533,53,1980,160,2620,186,3250,200,3700,200,4990,500,390,100,270,100,0,30,27,10,0,0,58,53,49,160,45,186,38,500,-16,600,-16,800,0,-16,62,62
1057,62,586,56,2000,125,2560,168,3250,200,3700,200,4990,500,330,100,270,100,0,30,16,10,0,0,61,56,52,125,49,168,42,500,-16,600,-16,800,0,-16,62,62
1057,62,640,60,2020,90,2500,150,3250,200,3700,200,4990,500,270,100,270,100,0,30,16,10,0,0,64,60,56,90,52,150,45,500,-16,600,-16,800,0,-16,62,62
1058,62,570,60,2200,90,2610,150,3250,200,3700,200,4990,500,270,100,270,100,0,30,16,10,0,0,64,60,56,90,52,150,45,500,-16,600,-16,800,0,-16,62,62
1059,62,500,60,2380,90,2720,150,3250,200,3700,200,4990,500,270,100,270,100,0,30,16,10,0,0,64,60,56,90,52,150,45,500,-16,600,-16,800,0,-16,62,62
1057,0,430,60,2560,90,2830,150,3250,200,3700,200,4990,500,270,100,270,100,60,30,0,10,60,0,-16,60,-16,90,-16,150,-16,500,-16,600,-16,800,0,-16,0,62
1056,0,350,60,2200,90,2760,150,3250,200,3700,200,4990,500,270,100,270,100,60,30,0,10,60,0,-16,60,-16,90,-16,150,-16,500,-16,600,-16,800,0,-16,0,62
1055,0,270,60,1840,90,2690,150,3250,200,3700,200,4990,500,270,100,270,100,60,30,0,10,60,0,-16,60,-16,90,-16,150,-16,500,-16,600,-16,800,0,-16,0,62
1054,0,190,60,1480,90,2620,150,3250,200,3700,200,4990,500,270,100,270,100,60,30,0,10,60,0,-16,60,-16,90,-16,150,-16,500,-16,600,-16,800,0,-16,0,62
1052,0,190,60,1480,90,2620,150,3250,200,3700,200,4990,500,270,100,270,100,60,30,0,10,60,0,-16,60,-16,90,-16,150,-16,500,-16,600,-16,800,0,-16,0,62
1051,0,190,60,1480,90,2620,150,3250,200,3700,200,4990,500,270,100,270,100,60,30,0,10,60,0,-16,60,-16,90,-16,150,-16,500,-16,600,-16,800,0,-16,0,62
1050,0,190,60,1480,90,2620,150,3250,200,3700,200,4990,500,270,100,270,100,60,30,0,10,60,0,-16,60,-16,90,-16,150,-16,500,-16,600,-16,800,0,-16,0,62
1049,0,190,60,1480,90,2620,150,3250,200,3700,200,4990,500,270,100,270,100,60,30,0,10,60,0,-16,60,-16,90,-16,150,-16,500,-16,600,-16,800,0,-16,0,62
1048,0,190,60,1480,90,2620,150,3250,200,3700,200,4990,500,270,100,270,100,60,30,0,10,60,0,-16,60,64,90,64,150,43,500,-16,600,-16,800,0,-16,0,62
1047,0,190,60,1480,90,2620,150,3250,200,3700,200,4990,500,270,100,270,100,60,30,0,10,60,0,-16,60,54,90,54,150,33,500,-16,600,-16,800,0,-16,0,62
1046,0,190,60,1480,90,2620,150,3250,200,3700,200,4990,500,270,100,270,100,60,30,0,10,60,0,-16,60,54,90,54,150,33,500,-16,600,-16,800,0,-16,0,62
1045,0,230,83,1790,91,2710,161,3250,200,3700,200,4990,500,270,100,270,100,60,30,0,10,60,0,-16,83,54,91,54,161,33,500,-16,600,-16,800,0,-16,0,62
1044,0,270,106,2100,92,2800,173,3250,200,3700,200,4990,500,270,100,270,100,60,30,0,10,60,0,-16,106,54,92,54,173,33,500,-16,600,-16,800,0,-16,0,62
1043,0,310,130,2410,93,2890,185,3250,200,3700,200,4990,500,270,100,270,100,32,30,0,10,60,0,-16,130,42,93,42,185,54,500,-16,600,-16,800,0,-16,0,62
1042,0,340,153,2180,94,2800,196,3250,200,3700,200,4990,500,270,100,270,100,32,30,0,10,60,0,-16,153,42,94,42,196,54,500,-16,600,-16,800,0,-16,0,62
1041,0,370,176,1950,95,2710,208,3250,200,3700,200,4990,500,270,100,270,100,32,30,0,10,60,0,-16,176,42,95,42,208,54,500,-16,600,-16,800,0,-16,0,62
1040,0,400,200,1720,96,2620,220,3250,200,3700,200,4990,500,270,100,270,100,32,30,0,10,60,0,-16,200,42,96,42,220,54,500,-16,600,-16,800,0,-16,0,62
1040,0,400,200,1720,96,2620,220,3250,200,3700,200,4990,500,270,100,270,100,32,30,0,10,60,0,-16,200,42,96,42,220,54,500,-16,600,-16,800,0,-16,0,62
1039,0,400,200,1720,96,2620,220,3250,200,3700,200,4990,500,270,100,270,100,32,30,0,10,60,0,-16,200,42,96,42,220,54,500,-16,600,-16,800,0,-16,0,62
1038,0,400,200,1720,96,2620,220,3250,200,3700,200,4990,500,270,100,270,100,32,30,0,10,60,0,-16,200,42,96,42,220,54,500,-16,600,-16,800,0,-16,0,62
1038,0,400,200,1720,96,2620,220,3250,200,3700,200,4990,500,270,100,270,100,32,30,0,10,60,0,-16,200,42,96,42,220,54,500,-16,600,-16,800,0,-16,0,62
1037,0,400,200,1720,96,2620,220,3250,200,3700,200,4990,500,270,100,270,100,32,30,0,10,60,0,-16,200,42,96,42,220,54,500,-16,600,-16,800,0,-16,0,62
1037,0,400,200,1720,96,2620,220,3250,200,3700,200,4990,500,270,100,270,100,32,30,0,10,60,0,-16,200,42,96,42,220,54,500,-16,600,-16,800,0,-16,0,62
1037,0,400,200,1720,96,2620,220,3250,200,3700,200,4990,500,270,100,270,100,32,30,0,10,60,0,-16,200,42,96,42,220,54,500,-16,600,-16,800,0,-16,0,62
1036,0,355,165,1765,94,2620,220,3250,200,3700,200,4990,500,270,100,270,100,32,30,0,10,60,0,-16,165,42,94,42,220,54,500,-16,600,-16,800,0,-16,0,62
1036,0,310,130,1810,93,2680,150,3250,200,3700,200,4990,500,270,100,270,100,60,30,0,10,60,0,-16,130,-16,93,-16,150,-16,500,-16,600,-16,800,0,-16,0,62
1036,0,250,95,1795,91,2680,150,3250,200,3700,200,4990,500,270,100,270,100,60,30,0,10,60,0,-16,95,-16,91,-16,150,-16,500,-16,600,-16,800,0,-16,0,62
1036,0,190,60,1780,90,2680,150,3250,200,3700,200,4990,500,270,100,270,100,60,30,0,10,60,0,-16,60,-16,90,-16,150,-16,500,-16,600,-16,800,0,-16,0,62
1036,0,190,60,1780,90,2680,150,3250,200,3700,200,4990,500,270,100,270,100,60,30,0,10,60,0,-16,60,-16,90,-16,150,-16,500,-16,600,-16,800,0,-16,0,62
1035,0,190,60,1780,90,2680,150,3250,200,3700,200,4990,500,270,100,270,100,60,30,0,10,60,0,-16,60,-16,90,-16,150,-16,500,-16,600,-16,800,0,-16,0,62
1035,0,190,60,1780,90,2680,150,3250,200,3700,200,4990,500,270,100,270,100,60,30,0,10,60,0,-16,60,-16,90,-16,150,-16,500,-16,600,-16,800,0,-16,0,62
1035,0,190,60,1780,90,2680,150,3250,200,3700,200,4990,500,270,100,270,100,60,30,0,10,60,0,-16,60,-16,90,52,150,64,500,-16,600,-16,800,0,-16,0,62
1035,0,190,60,1780,90,2680,150,3250,200,3700,200,4990,500,270,100,270,100,60,30,0,10,60,0,-16,60,-16,90,42,150,54,500,-16,600,-16,800,0,-16,0,62
1036,0,190,60,1780,90,2680,150,3250,200,3700,200,4990,500,270,100,270,100,60,30,0,10,60,0,-16,60,-16,90,42,150,54,500,-16,600,-16,800,0,-16,0,62
1036,62,355,60,1540,90,2680,150,3250,200,3700,200,4990,500,270,100,270,100,0,30,62,10,0,0,56,60,49,90,49,150,-16,500,-16,600,-16,800,0,-16,62,62
1036,62,422,60,1360,90,2140,150,3250,200,3700,200,4990,500,270,100,270,100,0,30,62,10,0,0,56,60,49,90,49,150,-16,500,-16,600,-16,800,0,-16,62,62
1036,62,490,60,1180,90,1600,150,3250,200,3700,200,4990,500,270,100,270,100,0,30,62,10,0,0,56,60,49,90,49,150,-16,500,-16,600,-16,800,0,-16,62,62
1037,62,490,60,1180,90,1600,150,3250,200,3700,200,4990,500,270,100,270,100,0,30,62,10,0,0,56,60,49,90,49,150,-16,500,-16,600,-16,800,0,-16,62,62
1037,62,490,60,1180,90,1600,150,3250,200,3700,200,4990,500,270,100,270,100,0,30,62,10,0,0,56,60,49,90,49,150,-16,500,-16,600,-16,800,0,-16,62,62
1037,62,490,60,1180,90,1600,150,3250,200,3700,200,4990,500,270,100,270,100,0,30,62,10,0,0,56,60,49,90,49,150,-16,500,-16,600,-16,800,0,-16,62,62
1038,62,490,60,1180,90,1600,150,3250,200,3700,200,4990,500,270,100,270,100,0,30,62,10,0,0,56,60,49,90,49,150,-16,500,-16,600,-16,800,0,-16,62,62
1038,62,550,74,1240,90,1678,150,3250,200,3700,200,4990,500,270,100,270,100,0,30,62,10,0,0,56,74,50,90,49,150,-6,500,-16,600,-16,800,0,-16,62,62
1039,62,610,88,1300,90,1756,150,3250,200,3700,200,4990,500,270,100,270,100,0,30,62,10,0,0,57,88,51,90,49,150,3,500,-16,600,-16,800,0,-16,62,62
1040,62,670,102,1360,90,1834,150,3250,200,3700,200,4990,500,270,100,270,100,0,30,62,10,0,0,58,102,52,90,50,150,12,500,-16,600,-16,800,0,-16,62,62
1040,62,730,116,1420,90,1912,150,3250,200,3700,200,4990,500,270,100,270,100,0,30,62,10,0,0,59,116,53,90,50,150,20,500,-16,600,-16,800,0,-16,62,62
1041,62,790,130,1480,90,1990,150,3250,200,3700,200,4990,500,270,100,270,100,0,30,16,10,0,0,60,130,55,90,50,150,29,500,-16,600,-16,800,0,-16,62,62
1042,62,790,130,1574,90,2150,150,3250,200,3700,200,4990,500,270,100,270,100,0,30,16,10,0,0,61,130,56,90,51,150,32,500,-16,600,-16,800,0,-16,62,62
1043,62,790,130,1651,90,2281,150,3250,200,3700,200,4990,500,270,100,270,100,0,30,16,10,0,0,62,130,57,90,51,150,36,500,-16,600,-16,800,0,-16,62,62
1043,62,790,130,1711,90,2383,150,3250,200,3700,200,4990,500,270,100,270,100,0,30,16,10,0,0,63,130,58,90,51,150,39,500,-16,600,-16,800,0,-16,62,62
1044,62,790,130,1754,90,2456,150,3250,200,3700,200,4990,500,270,100,270,100,0,30,16,10,0,0,63,130,60,90,52,150,42,500,-16,600,-16,800,0,-16,62,62
1045,62,695,118,1937,90,2578,150,3250,200,3700,200,4990,500,270,100,270,100,0,30,16,10,0,0,64,118,61,90,52,150,45,500,-16,600,-16,800,0,-16,62,62
1046,62,600,106,2157,90,2688,150,3250,200,3700,200,4990,500,270,100,270,100,0,30,16,10,0,0,64,106,61,90,52,150,45,500,-16,600,-16,800,0,-16,62,62
1047,0,505,95,2440,90,2830,150,3250,200,3700,200,4990,500,270,100,270,100,60,30,0,10,60,0,-16,95,-16,90,-16,150,-16,500,-16,600,-16,800,0,-16,0,62
1048,0,400,83,2120,90,2760,150,3250,200,3700,200,4990,500,270,100,270,100,60,30,0,10,60,0,-16,83,-16,90,-16,150,-16,500,-16,600,-16,800,0,-16,0,62
1046,0,295,71,1800,90,2690,150,3250,200,3700,200,4990,500,270,100,270,100,60,30,0,10,60,0,-16,71,-16,90,-16,150,-16,500,-16,600,-16,800,0,-16,0,62
1045,0,190,60,1480,90,2620,150,3250,200,3700,200,4990,500,270,100,270,100,60,30,0,10,60,0,-16,60,-16,90,-16,150,-16,500,-16,600,-16,800,0,-16,0,62
1044,0,190,60,1480,90,2620,150,3250,200,3700,200,4990,500,270,100,270,100,60,30,0,10,60,0,-16,60,-16,90,-16,150,-16,500,-16,600,-16,800,0,-16,0,62
1043,0,190,60,1480,90,2620,150,3250,200,3700,200,4990,500,270,100,270,100,60,30,0,10,60,0,-16,60,-16,90,-16,150,-16,500,-16,600,-16,800,0,-16,0,62
1041,0,190,60,1480,90,2620,150,3250,200,3700,200,4990,500,270,100,270,100,60,30,0,10,60,0,-16,60,-16,90,-16,150,-16,500,-16,600,-16,800,0,-16,0,62
1040,0,190,60,1480,90,2620,150,3250,200,3700,200,4990,500,270,100,270,100,60,30,0,10,60,0,-16,60,-16,90,-16,150,-16,500,-16,600,-16,800,0,-16,0,62
1039,0,190,60,1480,90,2620,150,3250,200,3700,200,4990,500,270,100,270,100,60,30,0,10,60,0,-16,60,64,90,64,150,43,500,-16,600,-16,800,0,-16,0,62
1038,0,190,60,1480,90,2620,150,3250,200,3700,200,4990,500,270,100,270,100,60,30,0,10,60,0,-16,60,54,90,54,150,33,500,-16,600,-16,800,0,-16,0,62
1037,0,190,60,1480,90,2620,150,3250,200,3700,200,4990,500,270,100,270,100,60,30,0,10,60,0,-16,60,54,90,54,150,33,500,-16,600,-16,800,0,-16,0,62
1036,0,195,60,1800,90,2720,150,3250,200,3700,200,4990,500,270,100,270,100,60,30,0,10,60,0,-16,60,54,90,54,150,33,500,-16,600,-16,800,0,-16,0,62
1035,0,200,60,2120,90,2820,150,3250,200,3700,200,4990,500,270,100,270,100,60,30,0,10,60,0,-16,60,54,90,54,150,33,500,-16,600,-16,800,0,-16,0,62
1034,0,205,60,2440,90,2920,150,3250,200,3700,200,4990,500,270,100,270,100,60,30,0,10,60,0,-16,60,-16,90,-16,150,-16,500,-16,600,-16,800,0,-16,0,62
1033,0,200,60,2220,90,2840,150,3250,200,3700,200,4990,500,270,100,270,100,60,30,0,10,60,0,-16,60,-16,90,-16,150,-16,500,-16,600,-16,800,0,-16,0,62
1032,0,195,60,2000,90,2760,150,3250,200,3700,200,4990,500,270,100,270,100,60,30,0,10,60,0,-16,60,-16,90,-16,150,-16,500,-16,600,-16,800,0,-16,0,62
1031,0,190,60,1780,90,2680,150,3250,200,3700,200,4990,500,270,100,270,100,60,30,0,10,60,0,-16,60,-16,90,-16,150,-16,500,-16,600,-16,800,0,-16,0,62
1030,0,190,60,1780,90,2680,150,3250,200,3700,200,4990,500,270,100,270,100,60,30,0,10,60,0,-16,60,-16,90,-16,150,-16,500,-16,600,-16,800,0,-16,0,62
1029,0,190,60,1780,90,2680,150,3250,200,3700,200,4990,500,270,100,270,100,60,30,0,10,60,0,-16,60,-16,90,-16,150,-16,500,-16,600,-16,800,0,-16,0,62
1029,0,190,60,1780,90,2680,150,3250,200,3700,200,4990,500,270,100,270,100,60,30,0,10,60,0,-16,60,-16,90,52,150,64,500,-16,600,-16,800,0,-16,0,62
1028,0,190,60,1780,90,2680,150,3250,200,3700,200,4990,500,270,100,270,100,60,30,0,10,60,0,-16,60,-16,90,42,150,54,500,-16,600,-16,800,0,-16,0,62
1028,0,190,60,1780,90,2680,150,3250,200,3700,200,4990,500,270,100,270,100,60,30,0,10,60,0,-19,60,-19,90,38,150,50,500,-16,600,-16,800,0,-16,0,62
1027,0,190,60,1780,90,2680,150,3250,200,3700,200,4990,500,270,100,270,100,0,30,0,10,0,0,-16,60,-16,90,-16,150,-16,500,-16,600,-16,800,0,-16,0,62
1027,0,290,60,1680,90,2620,150,3250,200,3700,200,4990,500,270,100,270,100,0,30,0,10,0,0,-16,60,-16,90,-16,150,-16,500,-16,600,-16,800,0,-16,0,62
1026,0,390,60,1580,90,2560,150,3250,200,3700,200,4990,500,270,100,270,100,0,30,0,10,0,0,-16,60,-16,90,-16,150,-16,500,-16,600,-16,800,0,-16,0,62
1026,0,490,60,1480,90,2500,150,3250,200,3700,200,4990,500,270,100,270,100,0,30,0,10,0,0,-16,60,-16,90,-16,150,-16,500,-16,600,-16,800,0,-16,0,62
1025,0,460,60,1460,90,2520,150,3250,200,3700,200,4990,500,270,100,270,100,0,30,0,10,0,0,-16,60,-16,90,-16,150,-16,500,-16,600,-16,800,0,-16,0,62
1025,0,430,60,1440,90,2540,150,3250,200,3700,200,4990,500,270,100,270,100,0,30,0,10,0,0,-16,60,-16,90,-16,150,-16,500,-16,600,-16,800,0,-16,0,62
1025,0,400,60,1420,90,2560,150,3250,200,3700,200,4990,500,270,100,270,100,32,30,0,10,54,0,-26,60,4,90,4,150,-26,500,-16,600,-16,800,0,68,0,62
1025,0,400,60,1420,90,2560,150,3250,200,3700,200,4990,500,270,100,270,100,32,30,0,10,54,0,-23,60,7,90,7,150,-23,500,-16,600,-16,800,0,68,0,62
1025,0,400,60,1420,90,2560,150,3250,200,3700,200,4990,500,270,100,270,100,32,30,0,10,54,0,-19,60,11,90,11,150,-19,500,-16,600,-16,800,0,68,0,62
1025,0,400,60,1420,90,2560,150,3250,200,3700,200,4990,500,270,100,270,100,32,30,0,10,54,0,-16,60,14,90,14,150,-16,500,-16,600,-16,800,0,68,0,62
1025,0,400,60,1420,90,2560,150,3250,200,3700,200,4990,500,270,100,270,100,32,30,0,10,54,0,-16,60,14,90,14,150,-16,500,-16,600,-16,800,0,68,0,62
1025,0,400,60,1420,90,2560,150,3250,200,3700,200,4990,500,270,100,270,100,32,30,0,10,54,0,-16,60,14,90,14,150,-16,500,-16,600,-16,800,0,68,0,62
1025,0,400,60,1420,90,2560,150,3250,200,3700,200,4990,500,270,100,270,100,32,30,0,10,54,0,-16,60,14,90,14,150,-16,500,-16,600,-16,800,0,68,0,62
1025,0,400,60,1420,90,2560,150,3250,200,3700,200,4990,500,270,100,270,100,32,30,0,10,54,0,-16,60,14,90,14,150,-16,500,-16,600,-16,800,0,68,0,62
1025,0,400,60,1420,90,2560,150,3250,200,3700,200,4990,500,270,100,270,100,32,30,0,10,54,0,-16,60,14,90,14,150,-16,500,-16,600,-16,800,0,68,0,62
1025,0,400,60,1420,90,2560,150,3250,200,3700,200,4990,500,270,100,270,100,32,30,0,10,54,0,-16,60,14,90,14,150,-16,500,-16,600,-16,800,0,68,0,62
1025,0,400,60,1420,90,2560,150,3250,200,3700,200,4990,500,270,100,270,100,32,30,0,10,54,0,-16,60,14,90,14,150,-16,500,-16,600,-16,800,0,68,0,62
1026,0,407,60,1180,90,2170,150,3250,200,3700,200,4990,500,270,100,270,100,32,30,0,10,54,0,-16,60,14,90,14,150,-16,500,-16,600,-16,800,0,68,0,62
1026,62,415,60,940,90,1780,150,3250,200,3700,200,4990,500,270,100,270,100,0,30,62,10,0,0,56,60,49,90,49,150,-16,500,-16,600,-16,800,0,-16,62,62
1026,62,440,60,1020,90,1720,150,3250,200,3700,200,4990,500,270,100,270,100,0,30,62,10,0,0,56,60,49,90,49,150,-16,500,-16,600,-16,800,0,-16,62,62
1027,62,465,60,1100,90,1660,150,3250,200,3700,200,4990,500,270,100,270,100,0,30,62,10,0,0,56,60,49,90,49,150,-16,500,-16,600,-16,800,0,-16,62,62
1028,62,490,60,1180,90,1600,150,3250,200,3700,200,4990,500,270,100,270,100,0,30,62,10,0,0,56,60,49,90,49,150,-16,500,-16,600,-16,800,0,-16,62,62
1028,62,490,60,1180,90,1600,150,3250,200,3700,200,4990,500,270,100,270,100,0,30,62,10,0,0,56,60,49,90,49,150,-16,500,-16,600,-16,800,0,-16,62,62
1029,62,490,60,1180,90,1600,150,3250,200,3700,200,4990,500,270,100,270,100,0,30,62,10,0,0,56,60,49,90,49,150,-16,500,-16,600,-16,800,0,-16,62,62
1029,62,490,60,1180,90,1600,150,3250,200,3700,200,4990,500,270,100,270,100,0,30,62,10,0,0,56,60,49,90,49,150,-16,500,-16,600,-16,800,0,-16,62,62
1030,62,514,60,1150,90,1678,150,3250,200,3700,200,4990,500,270,100,270,100,0,30,62,10,0,0,56,60,50,90,47,150,-8,500,-16,600,-16,800,0,-16,62,62
1031,62,538,60,1120,90,1756,150,3250,200,3700,200,4990,500,270,100,270,100,0,30,62,10,0,0,57,60,51,90,46,150,0,500,-16,600,-16,800,0,-16,62,62
1032,62,562,60,1090,90,1834,150,3250,200,3700,200,4990,500,270,100,270,100,0,30,62,10,0,0,58,60,52,90,45,150,7,500,-16,600,-16,800,0,-16,62,62
1032,62,586,60,1060,90,1912,150,3250,200,3700,200,4990,500,270,100,270,100,0,30,62,10,0,0,59,60,53,90,44,150,14,500,-16,600,-16,800,0,-16,62,62
1033,62,610,60,1030,90,1990,150,3250,200,3700,200,4990,500,270,100,270,100,0,30,16,10,0,0,60,60,55,90,42,150,21,500,-16,600,-16,800,0,-16,62,62
1034,62,610,60,982,90,2150,150,3250,200,3700,200,4990,500,270,100,270,100,0,30,16,10,0,0,61,60,57,90,40,150,24,500,-16,600,-16,800,0,-16,62,62
1035,62,610,60,944,90,2281,150,3250,200,3700,200,4990,500,270,100,270,100,0,30,16,10,0,0,62,60,58,90,39,150,26,500,-16,600,-16,800,0,-16,62,62
1036,62,610,60,914,90,2383,150,3250,200,3700,200,4990,500,270,100,270,100,0,30,16,10,0,0,63,60,59,90,38,150,27,500,-16,600,-16,800,0,-16,62,62
1037,62,610,60,892,90,2456,150,3250,200,3700,200,4990,500,270,100,270,100,0,30,16,10,0,0,64,60,60,90,37,150,29,500,-16,600,-16,800,0,-16,62,62
1035,62,566,56,858,100,2500,150,3250,200,3700,200,4990,500,300,100,270,100,0,30,16,10,0,0,62,56,58,100,34,150,27,500,-16,600,-16,800,0,-16,62,62
1034,62,523,53,828,114,2500,150,3250,200,3700,200,4990,500,330,100,270,100,0,30,27,10,0,0,59,53,55,114,31,150,24,500,-16,600,-16,800,0,-16,62,62
1033,62,480,40,1000,175,2200,120,3250,200,3700,200,4990,500,360,100,270,100,0,30,62,10,0,0,40,40,44,175,47,120,-16,500,-16,600,-16,800,0,-16,62,62
1031,62,480,40,1000,175,2200,120,3250,200,3700,200,4990,500,360,100,270,100,0,30,62,10,0,0,40,40,44,175,47,120,-16,500,-16,600,-16,800,0,-16,62,62
1030,62,480,40,1000,175,2200,120,3250,200,3700,200,4990,500,360,100,270,100,0,30,62,10,0,0,40,40,44,175,47,120,-16,500,-16,600,-16,800,0,-16,62,62
1029,62,480,40,1000,175,2200,120,3250,200,3700,200,4990,500,360,100,270,100,0,30,62,10,0,0,40,40,44,175,47,120,-16,500,-16,600,-16,800,0,-16,62,62
1028,62,480,40,1000,175,2200,120,3250,200,3700,200,4990,500,360,100,270,100,0,30,62,10,0,0,40,40,44,175,47,120,-16,500,-16,600,-16,800,0,-16,62,62
1027,62,480,40,1000,175,2200,120,3250,200,3700,200,4990,500,360,100,270,100,0,30,62,10,0,0,40,40,44,175,47,120,-16,500,-16,600,-16,800,0,-16,62,62
1027,62,480,40,1000,175,2200,120,3250,200,3700,200,4990,500,345,100,270,100,0,30,62,10,0,0,36,40,40,175,43,120,-19,500,-16,600,-16,800,0,-16,62,62
1026,62,480,40,1000,175,2200,120,3250,200,3700,200,4990,500,330,100,270,100,0,30,62,10,0,0,33,40,37,175,40,120,-23,500,-16,600,-16,800,0,-16,62,62
1025,0,480,40,1000,175,2200,120,3250,200,3700,200,4990,500,315,100,270,100,0,30,0,10,0,0,-16,40,-16,175,-16,120,-16,500,-16,600,-16,800,0,-16,0,62
1025,0,483,46,1160,146,2300,130,3250,200,3700,200,4990,500,300,100,270,100,0,30,0,10,0,0,-16,46,-16,146,-16,130,-16,500,-16,600,-16,800,0,-16,0,62
1024,0,486,53,1320,118,2400,140,3250,200,3700,200,4990,500,285,100,270,100,0,30,0,10,0,0,-16,53,-16,118,-16,140,-16,500,-16,600,-16,800,0,-16,0,62
1024,0,490,60,1480,90,2500,150,3250,200,3700,200,4990,500,270,100,270,100,0,30,0,10,0,0,-16,60,-16,90,-16,150,-16,500,-16,600,-16,800,0,-16,0,62
1024,0,420,60,1520,90,2520,150,3250,200,3700,200,4990,500,270,100,270,100,0,30,0,10,0,0,-16,60,-16,90,-16,150,-16,500,-16,600,-16,800,0,-16,0,62
1024,0,350,60,1560,90,2540,150,3250,200,3700,200,4990,500,270,100,270,100,0,30,0,10,0,0,-16,60,-16,90,-16,150,-16,500,-16,600,-16,800,0,-16,0,62
1023,36,280,60,1600,90,2560,150,3250,200,3700,200,4990,500,270,100,270,100,0,30,54,10,60,0,33,60,35,90,29,150,31,500,-16,600,-16,800,0,68,36,62
1023,36,280,60,1600,90,2560,150,3250,200,3700,200,4990,500,270,100,270,100,0,30,54,10,60,0,36,60,38,90,33,150,35,500,-16,600,-16,800,0,68,36,62
1023,36,280,60,1600,90,2560,150,3250,200,3700,200,4990,500,270,100,270,100,0,30,54,10,60,0,40,60,42,90,36,150,38,500,-16,600,-16,800,0,68,36,62
1024,36,280,60,1600,90,2560,150,3250,200,3700,200,4990,500,270,100,270,100,0,30,54,10,60,0,43,60,45,90,40,150,42,500,-16,600,-16,800,0,68,36,62
1024,62,280,60,1600,90,2560,150,3250,200,3700,200,4990,500,270,100,270,100,0,30,62,10,0,0,43,60,45,90,40,150,42,500,-16,600,-16,800,0,-16,62,62
1024,62,280,60,1600,90,2560,150,3250,200,3700,200,4990,500,270,100,270,100,0,30,62,10,0,0,43,60,45,90,40,150,42,500,-16,600,-16,800,0,-16,62,62
1024,62,280,60,1600,90,2560,150,3250,200,3700,200,4990,500,270,100,270,100,0,30,62,10,0,0,43,60,45,90,40,150,42,500,-16,600,-16,800,0,-16,62,62
1025,62,347,60,1765,90,2530,150,3250,200,3700,200,4990,500,270,100,270,100,0,30,62,10,0,0,43,60,45,90,40,150,42,500,-16,600,-16,800,0,-16,62,62
1025,62,415,60,1930,90,2500,150,3250,200,3700,200,4990,500,270,100,270,100,0,30,16,10,0,0,64,60,64,90,47,150,40,500,-16,600,-16,800,0,-16,62,62
1026,62,440,60,1690,90,2449,150,3250,200,3700,200,4990,500,270,100,270,100,0,30,16,10,0,0,64,60,63,90,47,150,38,500,-16,600,-16,800,0,-16,62,62
1027,62,465,60,1510,90,2347,150,3250,200,3700,200,4990,500,270,100,270,100,0,30,16,10,0,0,63,60,62,90,47,150,36,500,-16,600,-16,800,0,-16,62,62
1027,62,490,60,1390,90,2194,150,3250,200,3700,200,4990,500,270,100,270,100,0,30,16,10,0,0,62,60,60,90,47,150,32,500,-16,600,-16,800,0,-16,62,62
1028,62,490,60,1330,90,1990,150,3250,200,3700,200,4990,500,270,100,270,100,0,30,62,10,0,0,60,60,56,90,48,150,27,500,-16,600,-16,800,0,-16,62,62
1029,62,490,60,1300,90,1912,150,3250,200,3700,200,4990,500,270,100,270,100,0,30,62,10,0,0,59,60,55,90,48,150,18,500,-16,600,-16,800,0,-16,62,62
1030,62,490,60,1270,90,1834,150,3250,200,3700,200,4990,500,270,100,270,100,0,30,62,10,0,0,58,60,53,90,48,150,10,500,-16,600,-16,800,0,-16,62,62
1029,62,490,60,1240,90,1756,150,3250,200,3700,200,4990,500,270,100,270,100,0,30,62,10,0,0,57,60,52,90,48,150,2,500,-16,600,-16,800,0,-16,62,62
1028,62,490,60,1210,90,1678,150,3250,200,3700,200,4990,500,270,100,270,100,0,30,62,10,0,0,56,60,50,90,48,150,-7,500,-16,600,-16,800,0,-16,62,62
1027,62,490,60,1180,90,1600,150,3250,200,3700,200,4990,500,270,100,270,100,0,30,62,10,0,0,56,60,49,90,49,150,-16,500,-16,600,-16,800,0,-16,62,62
1026,62,490,60,1180,90,1600,150,3250,200,3700,200,4990,500,270,100,270,100,0,30,62,10,0,0,56,60,49,90,49,150,-16,500,-16,600,-16,800,0,-16,62,62
1025,62,442,60,1294,90,1748,150,3250,200,3700,200,4990,500,270,100,270,100,0,30,62,10,0,0,56,60,48,90,49,150,-6,500,-16,600,-16,800,0,-16,62,62
1024,62,394,60,1408,90,1896,150,3250,200,3700,200,4990,500,270,100,270,100,0,30,62,10,0,0,57,60,48,90,49,150,3,500,-16,600,-16,800,0,-16,62,62
1024,62,346,60,1522,90,2044,150,3250,200,3700,200,4990,500,270,100,270,100,0,30,62,10,0,0,58,60,48,90,49,150,12,500,-16,600,-16,800,0,-16,62,62
1024,62,298,60,1636,90,2192,150,3250,200,3700,200,4990,500,270,100,270,100,0,30,62,10,0,0,59,60,48,90,49,150,20,500,-16,600,-16,800,0,-16,62,62
1024,62,250,60,1750,90,2340,150,3250,200,3700,200,4990,500,270,100,270,100,0,30,16,10,0,0,60,60,48,90,49,150,29,500,-16,600,-16,800,0,-16,62,62
1024,62,250,60,1864,90,2512,150,3250,200,3700,200,4990,500,270,100,270,100,0,30,16,10,0,0,61,60,47,90,50,150,32,500,-16,600,-16,800,0,-16,62,62
1024,62,250,60,1978,90,2684,150,3250,200,3700,200,4990,500,270,100,270,100,0,30,16,10,0,0,62,60,47,90,50,150,36,500,-16,600,-16,800,0,-16,62,62
1025,62,250,60,2092,90,2856,150,3250,200,3700,200,4990,500,270,100,270,100,0,30,16,10,0,0,63,60,47,90,50,150,39,500,-16,600,-16,800,0,-16,62,62
1025,62,250,60,2206,90,3028,150,3250,200,3700,200,4990,500,270,100,270,100,0,30,16,10,0,0,63,60,47,90,50,150,42,500,-16,600,-16,800,0,-16,62,62
1026,62,250,60,2320,90,3200,150,3250,200,3700,200,4990,500,270,100,270,100,0,30,16,10,0,0,64,60,47,90,50,150,45,500,-16,600,-16,800,0,-16,62,62
1027,62,250,60,2320,90,3200,150,3250,200,3700,200,4990,500,270,100,270,100,0,30,16,10,0,0,64,60,47,90,50,150,45,500,-16,600,-16,800,0,-16,62,62
1026,62,265,60,2050,90,2993,150,3250,200,3700,200,4990,500,270,100,270,100,0,30,16,10,0,0,64,60,47,90,50,150,45,500,-16,600,-16,800,0,-16,62,62
1024,62,280,60,1780,90,2786,150,3250,200,3700,200,4990,500,270,100,270,100,0,30,16,10,0,0,64,60,47,90,50,150,45,500,-16,600,-16,800,0,-16,62,62
1023,62,295,60,1510,90,2580,150,3250,200,3700,200,4990,500,270,100,270,100,0,30,62,10,0,0,43,60,54,90,50,150,47,500,-16,600,-16,800,0,-16,62,62
1022,62,287,60,1465,90,2570,150,3250,200,3700,200,4990,500,270,100,270,100,0,30,62,10,0,0,43,60,54,90,50,150,47,500,-16,600,-16,800,0,-16,62,62
1021,62,280,60,1420,90,2560,150,3250,200,3700,200,4990,500,270,100,270,100,0,30,62,10,0,0,43,60,54,90,50,150,47,500,-16,600,-16,800,0,-16,62,62
1021,62,280,60,1420,90,2560,150,3250,200,3700,200,4990,500,270,100,270,100,0,30,62,10,0,0,43,60,54,90,50,150,47,500,-16,600,-16,800,0,-16,62,62
1020,62,280,60,1420,90,2560,150,3250,200,3700,200,4990,500,270,100,270,100,0,30,62,10,0,0,43,60,54,90,50,150,47,500,-16,600,-16,800,0,-16,62,62
1019,62,280,60,1420,90,2560,150,3250,200,3700,200,4990,500,270,100,270,100,0,30,62,10,0,0,43,60,54,90,50,150,47,500,-16,600,-16,800,0,-16,62,62
1019,62,280,60,1420,90,2560,150,3250,200,3700,200,4990,500,270,100,270,100,0,30,62,10,0,0,43,60,54,90,50,150,47,500,-16,600,-16,800,0,-16,62,62
1019,62,287,60,1465,90,2570,150,3250,200,3700,200,4990,500,270,100,270,100,0,30,62,10,0,0,43,60,54,90,50,150,47,500,-16,600,-16,800,0,-16,62,62
1018,62,295,60,1510,90,2580,150,3250,200,3700,200,4990,500,270,100,270,100,0,30,16,10,0,0,64,60,47,90,50,150,45,500,-16,600,-16,800,0,-16,62,62
1018,62,280,60,1780,90,2786,150,3250,200,3700,200,4990,500,270,100,270,100,0,30,16,10,0,0,64,60,47,90,50,150,45,500,-16,600,-16,800,0,-16,62,62
1018,62,265,60,2050,90,2993,150,3250,200,3700,200,4990,500,270,100,270,100,0,30,16,10,0,0,64,60,47,90,50,150,45,500,-16,600,-16,800,0,-16,62,62
1018,62,250,60,2320,90,3200,150,3250,200,3700,200,4990,500,270,100,270,100,0,30,16,10,0,0,64,60,47,90,50,150,45,500,-16,600,-16,800,0,-16,62,62
1019,62,250,60,2320,90,3200,150,3250,200,3700,200,4990,500,270,100,270,100,0,30,16,10,0,0,64,60,47,90,50,150,45,500,-16,600,-16,800,0,-16,62,62
1019,62,250,60,2206,90,3028,150,3250,200,3700,200,4990,500,270,100,270,100,0,30,16,10,0,0,63,60,47,90,50,150,42,500,-16,600,-16,800,0,-16,62,62
1020,62,250,60,2092,90,2856,150,3250,200,3700,200,4990,500,270,100,270,100,0,30,16,10,0,0,63,60,47,90,50,150,39,500,-16,600,-16,800,0,-16,62,62
1020,62,250,60,1978,90,2684,150,3250,200,3700,200,4990,500,270,100,270,100,0,30,16,10,0,0,62,60,47,90,50,150,36,500,-16,600,-16,800,0,-16,62,62
1021,62,250,60,1864,90,2512,150,3250,200,3700,200,4990,500,270,100,270,100,0,30,16,10,0,0,61,60,47,90,50,150,32,500,-16,600,-16,800,0,-16,62,62
1022,62,250,60,1750,90,2340,150,3250,200,3700,200,4990,500,270,100,270,100,0,30,62,10,0,0,60,60,48,90,49,150,29,500,-16,600,-16,800,0,-16,62,62
1023,62,298,60,1636,90,2192,150,3250,200,3700,200,4990,500,270,100,270,100,0,30,62,10,0,0,59,60,48,90,49,150,20,500,-16,600,-16,800,0,-16,62,62
1021,62,346,60,1522,90,2044,150,3250,200,3700,200,4990,500,270,100,270,100,0,30,62,10,0,0,58,60,48,90,49,150,12,500,-16,600,-16,800,0,-16,62,62
1020,62,394,60,1408,90,1896,150,3250,200,3700,200,4990,500,270,100,270,100,0,30,62,10,0,0,57,60,48,90,49,150,3,500,-16,600,-16,800,0,-16,62,62
1019,62,442,60,1294,90,1748,150,3250,200,3700,200,4990,500,270,100,270,100,0,30,62,10,0,0,56,60,48,90,49,150,-6,500,-16,600,-16,800,0,-16,62,62
1018,62,490,60,1180,90,1600,150,3250,200,3700,200,4990,500,270,100,270,100,0,30,62,10,0,0,56,60,49,90,49,150,-16,500,-16,600,-16,800,0,-16,62,62
1018,62,490,60,1180,90,1600,150,3250,200,3700,200,4990,500,270,100,270,100,0,30,62,10,0,0,56,60,49,90,49,150,-16,500,-16,600,-16,800,0,-16,62,62
1017,62,520,60,1264,90,1678,150,3250,200,3700,200,4990,500,270,100,270,100,0,30,62,10,0,0,56,60,49,90,49,150,-6,500,-16,600,-16,800,0,-16,62,62
1017,62,550,60,1348,90,1756,150,3250,200,3700,200,4990,500,270,100,270,100,0,30,62,10,0,0,57,60,50,90,49,150,3,500,-16,600,-16,800,0,-16,62,62
1017,62,580,60,1432,90,1834,150,3250,200,3700,200,4990,500,270,100,270,100,0,30,62,10,0,0,58,60,51,90,50,150,12,500,-16,600,-16,800,0,-16,62,62
1017,62,610,60,1516,90,1912,150,3250,200,3700,200,4990,500,270,100,270,100,0,30,62,10,0,0,59,60,51,90,50,150,20,500,-16,600,-16,800,0,-16,62,62
1017,62,640,60,1600,90,1990,150,3250,200,3700,200,4990,500,270,100,270,100,0,30,16,10,0,0,60,60,52,90,50,150,29,500,-16,600,-16,800,0,-16,62,62
1018,62,640,60,1740,90,2160,150,3250,200,3700,200,4990,500,270,100,270,100,0,30,16,10,0,0,61,60,53,90,51,150,35,500,-16,600,-16,800,0,-16,62,62
1018,62,640,60,1852,90,2296,150,3250,200,3700,200,4990,500,270,100,270,100,0,30,16,10,0,0,63,60,54,90,51,150,39,500,-16,600,-16,800,0,-16,62,62
1019,62,640,60,1936,90,2398,150,3250,200,3700,200,4990,500,270,100,270,100,0,30,16,10,0,0,63,60,55,90,52,150,42,500,-16,600,-16,800,0,-16,62,62
1020,62,586,56,1978,113,2506,162,3250,200,3700,200,4990,500,330,100,270,100,0,30,16,10,0,0,62,56,53,113,50,162,42,500,-16,600,-16,800,0,-16,62,62
1019,62,533,53,1986,148,2600,180,3250,200,3700,200,4990,500,390,100,270,100,0,30,27,10,0,0,59,53,50,148,46,180,39,500,-16,600,-16,800,0,-16,62,62
1017,62,480,40,1960,195,2620,260,3250,200,3700,200,4990,500,450,100,270,100,0,30,62,10,0,0,49,40,49,195,49,260,34,500,-16,600,-16,800,0,-16,62,62
1016,62,480,40,1900,230,2620,260,3250,200,3700,200,4990,500,450,100,270,100,0,30,62,10,0,0,49,40,49,230,49,260,34,500,-16,600,-16,800,0,-16,62,62
1015,62,480,40,1840,265,2620,260,3250,200,3700,200,4990,500,450,100,270,100,0,30,62,10,0,0,49,40,49,265,49,260,34,500,-16,600,-16,800,0,-16,62,62
1013,62,480,40,1780,300,2620,260,3250,200,3700,200,4990,500,450,100,270,100,0,30,62,10,0,0,49,40,49,300,49,260,34,500,-16,600,-16,800,0,-16,62,62
1012,62,480,40,1780,300,2620,260,3250,200,3700,200,4990,500,450,100,270,100,0,30,62,10,0,0,49,40,49,300,49,260,34,500,-16,600,-16,800,0,-16,62,62
1011,62,480,40,1780,300,2620,260,3250,200,3700,200,4990,500,450,100,270,100,0,30,62,10,0,0,49,40,49,300,49,260,34,500,-16,600,-16,800,0,-16,62,62
1010,62,480,40,1780,300,2620,260,3250,200,3700,200,4990,500,450,100,270,100,0,30,62,10,0,0,49,40,49,300,49,260,34,500,-16,600,-16,800,0,-16,62,62
1009,62,415,45,1810,247,2650,205,3250,200,3700,200,4990,500,450,100,270,100,0,30,62,10,0,0,49,45,49,247,49,205,34,500,-16,600,-16,800,0,-16,62,62
1008,62,350,50,1840,195,2680,150,3250,200,3700,200,4990,500,270,100,270,100,0,30,62,10,0,0,45,50,-16,195,-16,150,-16,500,-16,600,-16,800,0,-16,62,62
1008,62,270,55,1810,142,2680,150,3250,200,3700,200,4990,500,270,100,270,100,0,30,62,10,0,0,45,55,-16,142,-16,150,-16,500,-16,600,-16,800,0,-16,62,62
1007,62,190,60,1780,90,2680,150,3250,200,3700,200,4990,500,270,100,270,100,0,30,62,10,0,0,45,60,-16,90,-16,150,-16,500,-16,600,-16,800,0,-16,62,62
1006,62,190,60,1780,90,2680,150,3250,200,3700,200,4990,500,270,100,270,100,0,30,62,10,0,0,45,60,-16,90,-16,150,-16,500,-16,600,-16,800,0,-16,62,62
1005,62,190,60,1780,90,2680,150,3250,200,3700,200,4990,500,270,100,270,100,0,30,62,10,0,0,45,60,-16,90,-16,150,-16,500,-16,600,-16,800,0,-16,62,62
1005,62,190,60,1780,90,2680,150,3250,200,3700,200,4990,500,270,100,270,100,0,30,62,10,0,0,45,60,-16,90,-16,150,-16,500,-16,600,-16,800,0,-16,62,62
1004,62,190,60,1780,90,2680,150,3250,200,3700,200,4990,500,270,100,270,100,0,30,62,10,0,0,45,60,-16,90,-16,150,-16,500,-16,600,-16,800,0,-16,62,62
1004,62,190,60,1780,90,2680,150,3250,200,3700,200,4990,500,270,100,270,100,0,30,62,10,0,0,45,60,-16,90,-16,150,-16,500,-16,600,-16,800,0,-16,62,62
1003,62,190,60,1780,90,2680,150,3250,200,3700,200,4990,500,270,100,270,100,0,30,62,10,0,0,52,60,52,90,49,150,59,500,-16,600,-16,800,0,-16,62,62
1003,62,190,60,1780,90,2680,150,3250,200,3700,200,4990,500,270,100,270,100,0,30,62,10,0,0,52,60,42,90,38,150,49,500,-16,600,-16,800,0,-16,62,62
1003,0,190,60,1780,90,2680,150,3250,200,3700,200,4990,500,270,100,270,100,0,30,0,10,0,0,-16,60,-16,90,-16,150,-16,500,-16,600,-16,800,0,-16,0,62
1002,0,290,60,1680,90,2620,150,3250,200,3700,200,4990,500,270,100,270,100,0,30,0,10,0,0,-16,60,-16,90,-16,150,-16,500,-16,600,-16,800,0,-16,0,62
1002,0,390,60,1580,90,2560,150,3250,200,3700,200,4990,500,270,100,270,100,0,30,0,10,0,0,-16,60,-16,90,-16,150,-16,500,-16,600,-16,800,0,-16,0,62
1002,0,490,60,1480,90,2500,150,3250,200,3700,200,4990,500,270,100,270,100,0,30,0,10,0,0,-16,60,-16,90,-16,150,-16,500,-16,600,-16,800,0,-16,0,62
1002,0,390,60,1580,90,2560,150,3250,200,3700,200,4990,500,270,100,270,100,0,30,0,10,0,0,-16,60,-16,90,-16,150,-16,500,-16,600,-16,800,0,-16,0,62
1002,0,290,60,1680,90,2620,150,3250,200,3700,200,4990,500,270,100,270,100,0,30,0,10,0,0,-16,60,-16,90,-16,150,-16,500,-16,600,-16,800,0,-16,0,62
1002,62,190,60,1780,90,2680,150,3250,200,3700,200,4990,500,270,100,270,100,0,30,62,10,0,0,35,60,-26,90,-26,150,-26,500,-16,600,-16,800,0,-16,62,62
1002,62,190,60,1780,90,2680,150,3250,200,3700,200,4990,500,270,100,270,100,0,30,62,10,0,0,38,60,-23,90,-23,150,-23,500,-16,600,-16,800,0,-16,62,62
1002,62,190,60,1780,90,2680,150,3250,200,3700,200,4990,500,270,100,270,100,0,30,62,10,0,0,42,60,-19,90,-19,150,-19,500,-16,600,-16,800,0,-16,62,62
1002,62,212,60,1847,90,2680,150,3250,200,3700,200,4990,500,270,100,270,100,0,30,62,10,0,0,45,60,-16,90,-16,150,-16,500,-16,600,-16,800,0,-16,62,62
1003,62,250,60,1960,90,2680,150,3250,200,3700,200,4990,500,270,100,270,100,0,30,62,10,0,0,43,60,40,90,50,150,40,500,-16,600,-16,800,0,-16,62,62
1003,62,265,60,1990,90,2620,150,3250,200,3700,200,4990,500,270,100,270,100,0,30,62,10,0,0,43,60,40,90,50,150,40,500,-16,600,-16,800,0,-16,62,62
1003,62,280,60,2020,90,2560,150,3250,200,3700,200,4990,500,270,100,270,100,0,30,62,10,0,0,43,60,40,90,50,150,40,500,-16,600,-16,800,0,-16,62,62
1004,62,280,60,2020,90,2560,150,3250,200,3700,200,4990,500,270,100,270,100,0,30,62,10,0,0,43,60,40,90,50,150,40,500,-16,600,-16,800,0,-16,62,62
1004,62,280,60,2020,90,2560,150,3250,200,3700,200,4990,500,270,100,270,100,0,30,62,10,0,0,43,60,40,90,50,150,40,500,-16,600,-16,800,0,-16,62,62
1005,62,385,60,2110,90,2530,150,3250,200,3700,200,4990,500,270,100,270,100,0,30,62,10,0,0,43,60,40,90,50,150,40,500,-16,600,-16,800,0,-16,62,62
1005,62,490,60,2200,90,2500,150,3250,200,3700,200,4990,500,270,100,270,100,0,30,16,10,0,0,64,60,56,90,52,150,45,500,-16,600,-16,800,0,-16,62,62
1006,62,540,60,2140,90,2500,150,3250,200,3700,200,4990,500,270,100,270,100,0,30,16,10,0,0,64,60,56,90,52,150,45,500,-16,600,-16,800,0,-16,62,62
1007,62,590,60,2080,90,2500,150,3250,200,3700,200,4990,500,270,100,270,100,0,30,16,10,0,0,64,60,56,90,52,150,45,500,-16,600,-16,800,0,-16,62,62
1008,62,640,60,2020,90,2500,150,3250,200,3700,200,4990,500,270,100,270,100,0,30,16,10,0,0,64,60,56,90,52,150,45,500,-16,600,-16,800,0,-16,62,62
1008,62,586,56,2000,125,2560,168,3250,200,3700,200,4990,500,330,100,270,100,0,30,16,10,0,0,61,56,52,125,49,168,42,500,-16,600,-16,800,0,-16,62,62
1009,62,533,53,1980,160,2620,186,3250,200,3700,200,4990,500,390,100,270,100,0,30,27,10,0,0,58,53,49,160,45,186,38,500,-16,600,-16,800,0,-16,62,62
1010,62,480,40,1960,195,2620,260,3250,200,3700,200,4990,500,450,100,270,100,0,30,62,10,0,0,49,40,49,195,49,260,34,500,-16,600,-16,800,0,-16,62,62
1011,62,480,40,1900,230,2620,260,3250,200,3700,200,4990,500,450,100,270,100,0,30,62,10,0,0,49,40,49,230,49,260,34,500,-16,600,-16,800,0,-16,62,62
1010,62,480,40,1840,265,2620,260,3250,200,3700,200,4990,500,450,100,270,100,0,30,62,10,0,0,49,40,49,265,49,260,34,500,-16,600,-16,800,0,-16,62,62
1009,62,480,40,1780,300,2620,260,3250,200,3700,200,4990,500,450,100,270,100,0,30,62,10,0,0,49,40,49,300,49,260,34,500,-16,600,-16,800,0,-16,62,62
1007,62,480,40,1780,300,2620,260,3250,200,3700,200,4990,500,450,100,270,100,0,30,62,10,0,0,49,40,49,300,49,260,34,500,-16,600,-16,800,0,-16,62,62
1006,62,480,40,1780,300,2620,260,3250,200,3700,200,4990,500,450,100,270,100,0,30,62,10,0,0,49,40,49,300,49,260,34,500,-16,600,-16,800,0,-16,62,62
1006,62,480,40,1780,300,2620,260,3250,200,3700,200,4990,500,450,100,270,100,0,30,62,10,0,0,49,40,49,300,49,260,34,500,-16,600,-16,800,0,-16,62,62
1005,62,415,45,1810,247,2620,260,3250,200,3700,200,4990,500,450,100,270,100,0,30,62,10,0,0,49,45,49,247,49,260,34,500,-16,600,-16,800,0,-16,62,62
1004,0,350,50,1840,195,2680,150,3250,200,3700,200,4990,500,270,100,270,100,60,30,0,10,60,0,-16,50,-16,195,-16,150,-16,500,-16,600,-16,800,0,-16,0,62
1004,0,270,55,1810,142,2680,150,3250,200,3700,200,4990,500,270,100,270,100,60,30,0,10,60,0,-16,55,-16,142,-16,150,-16,500,-16,600,-16,800,0,-16,0,62
1003,0,190,60,1780,90,2680,150,3250,200,3700,200,4990,500,270,100,270,100,60,30,0,10,60,0,-16,60,-16,90,-16,150,-16,500,-16,600,-16,800,0,-16,0,62
1003,0,190,60,1780,90,2680,150,3250,200,3700,200,4990,500,270,100,270,100,60,30,0,10,60,0,-16,60,-16,90,-16,150,-16,500,-16,600,-16,800,0,-16,0,62
1003,0,190,60,1780,90,2680,150,3250,200,3700,200,4990,500,270,100,270,100,60,30,0,10,60,0,-16,60,-16,90,-16,150,-16,500,-16,600,-16,800,0,-16,0,62
1003,0,190,60,1780,90,2680,150,3250,200,3700,200,4990,500,270,100,270,100,60,30,0,10,60,0,-16,60,-16,90,-16,150,-16,500,-16,600,-16,800,0,-16,0,62
1003,0,190,60,1780,90,2680,150,3250,200,3700,200,4990,500,270,100,270,100,60,30,0,10,60,0,-16,60,-16,90,52,150,64,500,-16,600,-16,800,0,-16,0,62
1004,0,190,60,1780,90,2680,150,3250,200,3700,200,4990,500,270,100,270,100,60,30,0,10,60,0,-16,60,-16,90,42,150,54,500,-16,600,-16,800,0,-16,0,62
1004,0,190,60,1780,90,2680,150,3250,200,3700,200,4990,500,270,100,270,100,60,30,0,10,60,0,-16,60,-16,90,42,150,54,500,-16,600,-16,800,0,-16,0,62
1005,62,355,60,1690,90,2680,150,3250,200,3700,200,4990,500,270,100,270,100,0,30,16,10,0,0,64,60,64,90,47,150,40,500,-16,600,-16,800,0,-16,62,62
1005,62,437,60,1555,90,2563,150,3250,200,3700,200,4990,500,270,100,270,100,0,30,16,10,0,0,64,60,64,90,47,150,40,500,-16,600,-16,800,0,-16,62,62
1006,62,485,60,1470,90,2490,150,3250,200,3700,200,4990,500,270,100,270,100,0,30,16,10,0,0,64,60,64,90,47,150,40,500,-16,600,-16,800,0,-16,62,62
1007,62,480,60,1461,90,2481,150,3250,200,3700,200,4990,500,270,100,270,100,0,30,16,10,0,0,64,60,64,90,47,150,40,500,-16,600,-16,800,0,-16,62,62
1006,62,460,60,1480,90,2500,150,3250,200,3700,200,4990,500,270,100,270,100,0,30,62,10,0,0,50,60,40,90,40,150,35,500,-16,600,-16,800,0,-16,62,62
1005,62,460,60,1480,90,2500,150,3250,200,3700,200,4990,500,270,100,270,100,0,30,62,10,0,0,50,60,40,90,40,150,35,500,-16,600,-16,800,0,-16,62,62
1004,62,460,60,1480,90,2500,150,3250,200,3700,200,4990,500,270,100,270,100,0,30,62,10,0,0,50,60,40,90,40,150,35,500,-16,600,-16,800,0,-16,62,62
1003,62,460,60,1480,90,2500,150,3250,200,3700,200,4990,500,270,100,270,100,0,30,62,10,0,0,50,60,40,90,40,150,35,500,-16,600,-16,800,0,-16,62,62
1002,62,460,60,1480,90,2500,150,3250,200,3700,200,4990,500,270,100,270,100,0,30,62,10,0,0,50,60,40,90,40,150,35,500,-16,600,-16,800,0,-16,62,62
1002,62,460,60,1480,90,2500,150,3250,200,3700,200,4990,500,270,100,270,100,0,30,62,10,0,0,50,60,40,90,40,150,35,500,-16,600,-16,800,0,-16,62,62
1001,62,460,60,1480,90,2500,150,3250,200,3700,200,4990,500,270,100,270,100,0,30,62,10,0,0,50,60,40,90,40,150,35,500,-16,600,-16,800,0,-16,62,62
1001,62,460,60,1480,90,2500,150,3250,200,3700,200,4990,500,270,100,270,100,0,30,62,10,0,0,50,60,40,90,40,150,35,500,-16,600,-16,800,0,-16,62,62
1001,62,550,60,1720,90,2470,150,3250,200,3700,200,4990,500,270,100,270,100,0,30,16,10,0,0,64,60,56,90,52,150,45,500,-16,600,-16,800,0,-16,62,62
1001,62,577,60,1811,90,2479,150,3250,200,3700,200,4990,500,270,100,270,100,0,30,16,10,0,0,64,60,56,90,52,150,45,500,-16,600,-16,800,0,-16,62,62
1001,62,600,60,1886,90,2486,150,3250,200,3700,200,4990,500,270,100,270,100,0,30,16,10,0,0,64,60,56,90,52,150,45,500,-16,600,-16,800,0,-16,62,62
1002,62,617,60,1945,90,2492,150,3250,200,3700,200,4990,500,270,100,270,100,0,30,16,10,0,0,64,60,56,90,52,150,45,500,-16,600,-16,800,0,-16,62,62
1002,62,594,57,1840,99,2496,150,3250,200,3700,200,4990,500,300,100,270,100,0,30,16,10,0,0,61,57,52,99,49,150,42,500,-16,600,-16,800,0,-16,62,62
1003,62,548,54,1645,113,2499,150,3250,200,3700,200,4990,500,330,100,270,100,0,30,27,10,0,0,58,54,49,113,45,150,38,500,-16,600,-16,800,0,-16,62,62
1004,62,480,40,1000,175,2200,120,3250,200,3700,200,4990,500,360,100,270,100,0,30,62,10,0,0,40,40,44,175,47,120,-16,500,-16,600,-16,800,0,-16,62,62
1003,62,480,40,1000,175,2200,120,3250,200,3700,200,4990,500,360,100,270,100,0,30,62,10,0,0,40,40,44,175,47,120,-16,500,-16,600,-16,800,0,-16,62,62
1002,62,480,40,1000,175,2200,120,3250,200,3700,200,4990,500,360,100,270,100,0,30,62,10,0,0,40,40,44,175,47,120,-16,500,-16,600,-16,800,0,-16,62,62
1001,62,480,40,1000,175,2200,120,3250,200,3700,200,4990,500,360,100,270,100,0,30,62,10,0,0,40,40,44,175,47,120,-16,500,-16,600,-16,800,0,-16,62,62
1000,62,480,40,1000,175,2200,120,3250,200,3700,200,4990,500,360,100,270,100,0,30,62,10,0,0,40,40,44,175,47,120,-16,500,-16,600,-16,800,0,-16,62,62
1000,62,480,40,1000,175,2200,120,3250,200,3700,200,4990,500,360,100,270,100,0,30,62,10,0,0,40,40,44,175,47,120,-16,500,-16,600,-16,800,0,-16,62,62
1000,62,480,40,1000,175,2200,120,3250,200,3700,200,4990,500,360,100,270,100,0,30,62,10,0,0,40,40,44,175,47,120,-16,500,-16,600,-16,800,0,-16,62,62
1000,62,480,40,1000,175,2200,120,3250,200,3700,200,4990,500,360,100,270,100,0,30,62,10,0,0,40,40,44,175,47,120,-16,500,-16,600,-16,800,0,-16,62,62
1000,62,480,85,1240,132,2500,150,3250,200,3700,200,4990,500,360,100,270,100,0,30,39,10,0,0,54,85,51,132,42,150,35,500,-16,600,-16,800,0,-16,62,62
1000,62,583,100,1420,118,2500,150,3250,200,3700,200,4990,500,330,100,270,100,0,30,27,10,0,0,58,100,54,118,45,150,38,500,-16,600,-16,800,0,-16,62,62
1001,62,686,115,1600,104,2500,150,3250,200,3700,200,4990,500,300,100,270,100,0,30,16,10,0,0,61,115,57,104,49,150,42,500,-16,600,-16,800,0,-16,62,62
1002,62,790,130,1780,90,2500,150,3250,200,3700,200,4990,500,270,100,270,100,0,30,16,10,0,0,64,130,61,90,52,150,45,500,-16,600,-16,800,0,-16,62,62
1001,62,790,130,1780,90,2500,150,3250,200,3700,200,4990,500,270,100,270,100,0,30,16,10,0,0,64,130,61,90,52,150,45,500,-16,600,-16,800,0,-16,62,62
999,62,686,115,1800,125,2542,163,3250,200,3700,200,4990,500,330,100,270,100,0,30,16,10,0,0,61,115,57,125,49,163,42,500,-16,600,-16,800,0,-16,62,62
998,62,583,100,1820,160,2602,181,3250,200,3700,200,4990,500,390,100,270,100,0,30,27,10,0,0,58,100,54,160,45,181,38,500,-16,600,-16,800,0,-16,62,62
997,62,480,40,1840,195,2620,260,3250,200,3700,200,4990,500,450,100,270,100,0,30,62,10,0,0,49,40,49,195,49,260,34,500,-16,600,-16,800,0,-16,62,62
996,62,480,40,1820,230,2620,260,3250,200,3700,200,4990,500,450,100,270,100,0,30,62,10,0,0,49,40,49,230,49,260,34,500,-16,600,-16,800,0,-16,62,62
995,62,480,40,1800,265,2620,260,3250,200,3700,200,4990,500,450,100,270,100,0,30,62,10,0,0,49,40,49,265,49,260,34,500,-16,600,-16,800,0,-16,62,62
994,62,480,40,1780,300,2620,260,3250,200,3700,200,4990,500,450,100,270,100,0,30,62,10,0,0,49,40,49,300,49,260,34,500,-16,600,-16,800,0,-16,62,62
993,62,480,40,1780,300,2620,260,3250,200,3700,200,4990,500,450,100,270,100,0,30,62,10,0,0,49,40,49,300,49,260,34,500,-16,600,-16,800,0,-16,62,62
992,62,480,40,1780,300,2620,260,3250,200,3700,200,4990,500,450,100,270,100,0,30,62,10,0,0,49,40,49,300,49,260,34,500,-16,600,-16,800,0,-16,62,62
991,62,456,43,1800,265,2620,260,3250,200,3700,200,4990,500,450,100,270,100,0,30,62,10,0,0,49,43,49,265,49,260,34,500,-16,600,-16,800,0,-16,62,62
990,62,433,46,1820,230,2620,260,3250,200,3700,200,4990,500,450,100,270,100,0,30,62,10,0,0,49,46,49,230,49,260,34,500,-16,600,-16,800,0,-16,62,62
990,40,410,50,1840,195,2620,260,3250,200,3700,200,4990,500,270,100,270,100,0,30,54,10,60,0,43,50,38,195,38,260,50,500,-16,600,-16,800,0,-16,40,62
989,40,345,55,1780,142,2590,205,3250,200,3700,200,4990,500,270,100,270,100,0,30,54,10,60,0,43,55,38,142,38,205,50,500,-16,600,-16,800,0,-16,40,62
989,40,280,60,1720,90,2560,150,3250,200,3700,200,4990,500,270,100,270,100,0,30,54,10,60,0,43,60,38,90,38,150,50,500,-16,600,-16,800,0,-16,40,62
988,40,280,60,1720,90,2560,150,3250,200,3700,200,4990,500,270,100,270,100,0,30,54,10,60,0,43,60,38,90,38,150,50,500,-16,600,-16,800,0,-16,40,62
988,62,280,60,1720,90,2560,150,3250,200,3700,200,4990,500,270,100,270,100,0,30,62,10,0,0,43,60,38,90,38,150,50,500,-16,600,-16,800,0,-16,62,62
988,62,280,60,1720,90,2560,150,3250,200,3700,200,4990,500,270,100,270,100,0,30,62,10,0,0,43,60,38,90,38,150,50,500,-16,600,-16,800,0,-16,62,62
987,62,280,60,1720,90,2560,150,3250,200,3700,200,4990,500,270,100,270,100,0,30,62,10,0,0,40,60,35,90,35,150,47,500,-16,600,-16,800,0,-16,62,62
987,62,280,60,1720,90,2560,150,3250,200,3700,200,4990,500,270,100,270,100,0,30,62,10,0,0,36,60,31,90,31,150,43,500,-16,600,-16,800,0,-16,62,62
987,0,280,60,1720,90,2560,150,3250,200,3700,200,4990,500,270,100,270,100,0,30,0,10,0,0,-16,60,-16,90,-16,150,-16,500,-16,600,-16,800,0,-16,0,62
987,0,350,60,1640,90,2540,150,3250,200,3700,200,4990,500,270,100,270,100,0,30,0,10,0,0,-16,60,-16,90,-16,150,-16,500,-16,600,-16,800,0,-16,0,62
987,0,420,60,1560,90,2520,150,3250,200,3700,200,4990,500,270,100,270,100,0,30,0,10,0,0,-16,60,-16,90,-16,150,-16,500,-16,600,-16,800,0,-16,0,62
987,0,490,60,1480,90,2500,150,3250,200,3700,200,4990,500,270,100,270,100,0,30,0,10,0,0,-16,60,-16,90,-16,150,-16,500,-16,600,-16,800,0,-16,0,62
987,0,490,60,1480,90,2500,150,3250,200,3700,200,4990,500,270,100,270,100,0,30,0,10,0,0,-16,60,-16,90,-16,150,-16,500,-16,600,-16,800,0,-16,0,62
988,0,490,60,1480,90,2500,150,3250,200,3700,200,4990,500,270,100,270,100,0,30,0,10,0,0,-16,60,-16,90,-16,150,-16,500,-16,600,-16,800,0,-16,0,62
988,62,490,60,1480,90,2500,150,3250,200,3700,200,4990,500,270,100,270,100,0,30,16,10,0,0,54,60,54,90,36,150,29,500,-16,600,-16,800,0,-16,62,62
988,62,490,60,1480,90,2500,150,3250,200,3700,200,4990,500,270,100,270,100,0,30,16,10,0,0,58,60,58,90,41,150,34,500,-16,600,-16,800,0,-16,62,62
989,62,490,60,1480,90,2500,150,3250,200,3700,200,4990,500,270,100,270,100,0,30,16,10,0,0,62,60,62,90,44,150,37,500,-16,600,-16,800,0,-16,62,62
989,62,483,60,1456,90,2497,150,3250,200,3700,200,4990,500,270,100,270,100,0,30,16,10,0,0,64,60,64,90,47,150,40,500,-16,600,-16,800,0,-16,62,62
990,62,472,60,1418,90,2493,150,3250,200,3700,200,4990,500,270,100,270,100,0,30,16,10,0,0,64,60,63,90,46,150,40,500,-16,600,-16,800,0,-16,62,62
990,62,457,60,1364,90,2487,150,3250,200,3700,200,4990,500,270,100,270,100,0,30,16,10,0,0,64,60,62,90,46,150,39,500,-16,600,-16,800,0,-16,62,62
991,62,438,60,1294,90,2479,150,3250,200,3700,200,4990,500,270,100,270,100,0,30,16,10,0,0,64,60,61,90,46,150,39,500,-16,600,-16,800,0,-16,62,62
992,62,415,60,1210,90,2470,150,3250,200,3700,200,4990,500,270,100,270,100,0,30,16,10,0,0,63,60,59,90,45,150,39,500,-16,600,-16,800,0,-16,62,62
993,62,400,60,1144,90,2479,150,3250,200,3700,200,4990,500,270,100,270,100,0,30,16,10,0,0,64,60,58,90,44,150,38,500,-16,600,-16,800,0,-16,62,62
994,62,389,60,1090,90,2487,150,3250,200,3700,200,4990,500,270,100,270,100,0,30,16,10,0,0,64,60,57,90,43,150,37,500,-16,600,-16,800,0,-16,62,62
995,62,380,60,1048,90,2493,150,3250,200,3700,200,4990,500,270,100,270,100,0,30,16,10,0,0,64,60,56,90,42,150,37,500,-16,600,-16,800,0,-16,62,62
993,62,373,60,1018,90,2497,150,3250,200,3700,200,4990,500,270,100,270,100,0,30,16,10,0,0,64,60,56,90,42,150,36,500,-16,600,-16,800,0,-16,62,62
992,62,396,57,1107,115,2542,163,3250,200,3700,200,4990,500,330,100,270,100,0,30,16,10,0,0,62,57,53,115,39,163,34,500,-16,600,-16,800,0,-16,62,62
991,62,432,54,1257,150,2602,181,3250,200,3700,200,4990,500,390,100,270,100,0,30,27,10,0,0,59,54,50,150,36,181,31,500,-16,600,-16,800,0,-16,62,62
990,62,480,40,1450,195,2620,260,3250,200,3700,200,4990,500,450,100,270,100,0,30,62,10,0,0,49,40,49,195,49,260,34,500,-16,600,-16,800,0,-16,62,62
988,62,480,40,1560,230,2620,260,3250,200,3700,200,4990,500,450,100,270,100,0,30,62,10,0,0,49,40,49,230,49,260,34,500,-16,600,-16,800,0,-16,62,62
987,62,480,40,1670,265,2620,260,3250,200,3700,200,4990,500,450,100,270,100,0,30,62,10,0,0,49,40,49,265,49,260,34,500,-16,600,-16,800,0,-16,62,62
987,62,480,40,1780,300,2620,260,3250,200,3700,200,4990,500,450,100,270,100,0,30,62,10,0,0,49,40,49,300,49,260,34,500,-16,600,-16,800,0,-16,62,62
986,62,480,40,1780,300,2620,260,3250,200,3700,200,4990,500,450,100,270,100,0,30,62,10,0,0,49,40,49,300,49,260,34,500,-16,600,-16,800,0,-16,62,62
985,62,480,40,1780,300,2620,260,3250,200,3700,200,4990,500,450,100,270,100,0,30,62,10,0,0,49,40,49,300,49,260,34,500,-16,600,-16,800,0,-16,62,62
984,62,480,40,1780,300,2620,260,3250,200,3700,200,4990,500,450,100,270,100,0,30,62,10,0,0,49,40,49,300,49,260,34,500,-16,600,-16,800,0,-16,62,62
984,62,415,45,1810,247,2650,205,3250,200,3700,200,4990,500,450,100,270,100,0,30,62,10,0,0,49,45,49,247,49,205,34,500,-16,600,-16,800,0,-16,62,62
983,62,350,50,1840,195,2680,150,3250,200,3700,200,4990,500,270,100,270,100,0,30,62,10,0,0,45,50,-16,195,-16,150,-16,500,-16,600,-16,800,0,-16,62,62
983,62,270,55,1810,142,2680,150,3250,200,3700,200,4990,500,270,100,270,100,0,30,62,10,0,0,45,55,-16,142,-16,150,-16,500,-16,600,-16,800,0,-16,62,62
982,62,190,60,1780,90,2680,150,3250,200,3700,200,4990,500,270,100,270,100,0,30,62,10,0,0,45,60,-16,90,-16,150,-16,500,-16,600,-16,800,0,-16,62,62
982,62,220,60,1870,90,2680,150,3250,200,3700,200,4990,500,270,100,270,100,0,30,62,10,0,0,45,60,-16,90,-16,150,-16,500,-16,600,-16,800,0,-16,62,62
982,62,250,60,1960,90,2680,150,3250,200,3700,200,4990,500,270,100,270,100,0,30,62,10,0,0,43,60,40,90,50,150,40,500,-16,600,-16,800,0,-16,62,62
982,62,265,60,1990,90,2620,150,3250,200,3700,200,4990,500,270,100,270,100,0,30,62,10,0,0,43,60,40,90,50,150,40,500,-16,600,-16,800,0,-16,62,62
982,62,280,60,2020,90,2560,150,3250,200,3700,200,4990,500,270,100,270,100,0,30,62,10,0,0,43,60,40,90,50,150,40,500,-16,600,-16,800,0,-16,62,62
982,62,280,60,2020,90,2560,150,3250,200,3700,200,4990,500,270,100,270,100,0,30,62,10,0,0,43,60,40,90,50,150,40,500,-16,600,-16,800,0,-16,62,62
982,62,280,60,2020,90,2560,150,3250,200,3700,200,4990,500,270,100,270,100,0,30,62,10,0,0,43,60,40,90,50,150,40,500,-16,600,-16,800,0,-16,62,62
982,62,347,60,1810,90,2530,150,3250,200,3700,200,4990,500,270,100,270,100,0,30,62,10,0,0,43,60,40,90,50,150,40,500,-16,600,-16,800,0,-16,62,62
982,62,415,60,1600,90,2500,150,3250,200,3700,200,4990,500,270,100,270,100,0,30,16,10,0,0,64,60,59,90,36,150,31,500,-16,600,-16,800,0,-16,62,62
983,62,440,60,1340,90,2500,150,3250,200,3700,200,4990,500,270,100,270,100,0,30,16,10,0,0,64,60,59,90,36,150,31,500,-16,600,-16,800,0,-16,62,62
983,62,465,60,1080,90,2500,150,3250,200,3700,200,4990,500,270,100,270,100,0,30,16,10,0,0,64,60,59,90,36,150,31,500,-16,600,-16,800,0,-16,62,62
984,62,490,60,820,90,2500,150,3250,200,3700,200,4990,500,270,100,270,100,0,30,16,10,0,0,64,60,59,90,36,150,31,500,-16,600,-16,800,0,-16,62,62
984,62,490,60,820,90,2500,150,3250,200,3700,200,4990,500,270,100,270,100,0,30,16,10,0,0,64,60,59,90,36,150,31,500,-16,600,-16,800,0,-16,62,62
985,62,490,60,820,90,2500,150,3250,200,3700,200,4990,500,270,100,270,100,0,30,16,10,0,0,64,60,59,90,36,150,31,500,-16,600,-16,800,0,-16,62,62
986,62,490,60,820,90,2500,150,3250,200,3700,200,4990,500,270,100,270,100,0,30,16,10,0,0,64,60,59,90,36,150,31,500,-16,600,-16,800,0,-16,62,62
986,62,490,60,820,90,2500,150,3250,200,3700,200,4990,500,270,100,270,100,0,30,16,10,0,0,64,60,59,90,36,150,31,500,-16,600,-16,800,0,-16,62,62
987,62,490,60,820,90,2500,150,3250,200,3700,200,4990,500,270,100,270,100,0,30,16,10,0,0,64,60,59,90,36,150,31,500,-16,600,-16,800,0,-16,62,62
988,62,490,60,856,90,2398,150,3250,200,3700,200,4990,500,270,100,270,100,0,30,16,10,0,0,63,60,58,90,37,150,29,500,-16,600,-16,800,0,-16,62,62
987,62,490,60,892,90,2296,150,3250,200,3700,200,4990,500,270,100,270,100,0,30,16,10,0,0,63,60,57,90,39,150,28,500,-16,600,-16,800,0,-16,62,62
986,62,490,60,928,90,2194,150,3250,200,3700,200,4990,500,270,100,270,100,0,30,16,10,0,0,62,60,56,90,40,150,26,500,-16,600,-16,800,0,-16,62,62
984,62,490,60,964,90,2092,150,3250,200,3700,200,4990,500,270,100,270,100,0,30,16,10,0,0,61,60,55,90,41,150,24,500,-16,600,-16,800,0,-16,62,62
983,62,490,60,1000,90,1990,150,3250,200,3700,200,4990,500,270,100,270,100,0,30,62,10,0,0,60,60,54,90,42,150,22,500,-16,600,-16,800,0,-16,62,62
982,62,490,60,1036,90,1912,150,3250,200,3700,200,4990,500,270,100,270,100,0,30,62,10,0,0,59,60,53,90,44,150,15,500,-16,600,-16,800,0,-16,62,62
981,62,490,60,1072,90,1834,150,3250,200,3700,200,4990,500,270,100,270,100,0,30,62,10,0,0,58,60,52,90,45,150,8,500,-16,600,-16,800,0,-16,62,62
980,62,490,60,1108,90,1756,150,3250,200,3700,200,4990,500,270,100,270,100,0,30,62,10,0,0,57,60,51,90,46,150,0,500,-16,600,-16,800,0,-16,62,62
979,62,490,60,1144,90,1678,150,3250,200,3700,200,4990,500,270,100,270,100,0,30,62,10,0,0,56,60,50,90,47,150,-8,500,-16,600,-16,800,0,-16,62,62
978,62,490,60,1180,90,1600,150,3250,200,3700,200,4990,500,270,100,270,100,0,30,62,10,0,0,56,60,49,90,49,150,-16,500,-16,600,-16,800,0,-16,62,62
978,62,490,60,1180,90,1600,150,3250,200,3700,200,4990,500,270,100,270,100,0,30,62,10,0,0,56,60,49,90,49,150,-16,500,-16,600,-16,800,0,-16,62,62
977,62,490,60,1180,90,1600,150,3250,200,3700,200,4990,500,270,100,270,100,0,30,62,10,0,0,56,60,49,90,49,150,-16,500,-16,600,-16,800,0,-16,62,62
976,62,490,60,1180,90,1600,150,3250,200,3700,200,4990,500,270,100,270,100,0,30,62,10,0,0,56,60,49,90,49,150,-16,500,-16,600,-16,800,0,-16,62,62
976,62,486,56,1300,125,1960,168,3250,200,3700,200,4990,500,330,100,270,100,0,30,62,10,0,0,52,56,45,125,45,168,-19,500,-16,600,-16,800,0,-16,62,62
975,62,483,53,1420,160,2320,186,3250,200,3700,200,4990,500,390,100,270,100,0,30,62,10,0,0,49,53,42,160,42,186,-22,500,-16,600,-16,800,0,-16,62,62
975,62,480,40,1540,195,2620,260,3250,200,3700,200,4990,500,450,100,270,100,0,30,62,10,0,0,49,40,49,195,49,260,34,500,-16,600,-16,800,0,-16,62,62
975,62,480,40,1620,230,2620,260,3250,200,3700,200,4990,500,450,100,270,100,0,30,62,10,0,0,49,40,49,230,49,260,34,500,-16,600,-16,800,0,-16,62,62
975,62,480,40,1700,265,2620,260,3250,200,3700,200,4990,500,450,100,270,100,0,30,62,10,0,0,49,40,49,265,49,260,34,500,-16,600,-16,800,0,-16,62,62
974,62,480,40,1780,300,2620,260,3250,200,3700,200,4990,500,450,100,270,100,0,30,62,10,0,0,49,40,49,300,49,260,34,500,-16,600,-16,800,0,-16,62,62
974,62,480,40,1780,300,2620,260,3250,200,3700,200,4990,500,450,100,270,100,0,30,62,10,0,0,49,40,49,300,49,260,34,500,-16,600,-16,800,0,-16,62,62
974,62,480,40,1780,300,2620,260,3250,200,3700,200,4990,500,450,100,270,100,0,30,62,10,0,0,49,40,49,300,49,260,34,500,-16,600,-16,800,0,-16,62,62
974,62,480,40,1750,265,2620,260,3250,200,3700,200,4990,500,450,100,270,100,0,30,62,10,0,0,49,40,49,265,49,260,34,500,-16,600,-16,800,0,-16,62,62
974,62,480,40,1720,230,2620,260,3250,200,3700,200,4990,500,450,100,270,100,0,30,62,10,0,0,49,40,49,230,49,260,34,500,-16,600,-16,800,0,-16,62,62
975,62,480,50,1690,195,2680,205,3250,200,3700,200,4990,500,450,100,270,100,0,30,39,10,0,0,54,50,54,195,37,205,30,500,-16,600,-16,800,0,-16,62,62
975,62,483,55,1581,142,2586,177,3250,200,3700,200,4990,500,390,100,270,100,0,30,27,10,0,0,58,55,58,142,40,177,33,500,-16,600,-16,800,0,-16,62,62
975,62,483,58,1505,107,2520,159,3250,200,3700,200,4990,500,330,100,270,100,0,30,16,10,0,0,61,58,61,107,43,159,36,500,-16,600,-16,800,0,-16,62,62
976,62,480,60,1461,90,2481,150,3250,200,3700,200,4990,500,270,100,270,100,0,30,16,10,0,0,64,60,64,90,47,150,40,500,-16,600,-16,800,0,-16,62,62
976,62,460,60,1480,90,2500,150,3250,200,3700,200,4990,500,270,100,270,100,0,30,62,10,0,0,50,60,40,90,40,150,35,500,-16,600,-16,800,0,-16,62,62
977,62,460,60,1480,90,2500,150,3250,200,3700,200,4990,500,270,100,270,100,0,30,62,10,0,0,50,60,40,90,40,150,35,500,-16,600,-16,800,0,-16,62,62
977,62,460,60,1480,90,2500,150,3250,200,3700,200,4990,500,270,100,270,100,0,30,62,10,0,0,50,60,40,90,40,150,35,500,-16,600,-16,800,0,-16,62,62
978,62,460,60,1480,90,2500,150,3250,200,3700,200,4990,500,270,100,270,100,0,30,62,10,0,0,50,60,40,90,40,150,35,500,-16,600,-16,800,0,-16,62,62
979,62,460,60,1480,90,2500,150,3250,200,3700,200,4990,500,270,100,270,100,0,30,62,10,0,0,50,60,40,90,40,150,35,500,-16,600,-16,800,0,-16,62,62
979,62,460,60,1480,90,2500,150,3250,200,3700,200,4990,500,270,100,270,100,0,30,62,10,0,0,50,60,40,90,40,150,35,500,-16,600,-16,800,0,-16,62,62
980,62,460,60,1480,90,2500,150,3250,200,3700,200,4990,500,270,100,270,100,0,30,62,10,0,0,47,60,36,90,36,150,31,500,-16,600,-16,800,0,-16,62,62
981,62,460,60,1480,90,2500,150,3250,200,3700,200,4990,500,270,100,270,100,0,30,62,10,0,0,43,60,33,90,33,150,28,500,-16,600,-16,800,0,-16,62,62
1093,0,490,60,1480,90,2500,150,3250,200,3700,200,4990,500,270,100,270,100,0,30,0,10,0,0,-16,60,-16,90,-16,150,-16,500,-16,600,-16,800,0,-16,0,62
1106,0,490,60,1480,90,2500,150,3250,200,3700,200,4990,500,270,100,270,100,0,30,0,10,0,0,-16,60,-16,90,-16,150,-16,500,-16,600,-16,800,0,-16,0,62
1120,0,490,60,1480,90,2500,150,3250,200,3700,200,4990,500,270,100,270,100,0,30,0,10,0,0,-16,60,-16,90,-16,150,-16,500,-16,600,-16,800,0,-16,0,62
1134,0,490,60,1480,90,2500,150,3250,200,3700,200,4990,500,270,100,270,100,0,30,0,10,0,0,-16,60,-16,90,-16,150,-16,500,-16,600,-16,800,0,-16,0,62
1150,0,490,60,1480,90,2500,150,3250,200,3700,200,4990,500,270,100,270,100,0,30,0,10,0,0,-16,60,-16,90,-16,150,-16,500,-16,600,-16,800,0,-16,0,62
